id,item_id,name,name_en,item_kind,slot,accessory_type,equip_level,description,effects_json,synthesis_effects_json,obtain_methods_json,image_url,source_url,detail_url,created_at,updated_at
1,accessory_kao_1,海魔の眼甲,Nacreous Necromonocle,accessory,顔アクセサリー,顔,,ドラゴンビートが たまに発動する 荒々しい仮面,"[""魔物を倒すと25%でためる"", ""しゅび力+2"", ""おしゃれさ+2""]","[""魔物を倒すと2％でためる"", ""魔物を倒すと3％でためる"", ""魔物を倒すと5％でためる"", ""さいだいHP+2""]","[""グラコス討伐報酬"", ""銀のフェザーチップ4枚"", ""すごろくの報酬""]",https://draquex.com/akuse/../assets/img-akuse/akuse-kao-2.jpg,https://draquex.com/akuse/0-kao.php,https://draquex.com/akuse/akuse-kao-2.php,2026-03-12 05:57:09,2026-03-12 05:57:09
2,accessory_kao_2,機神の眼甲,Mechanical Eye,accessory,顔アクセサリー,顔,,ドラゴンビートが 発動しやすい メカニカルな仮面,"[""魔物を倒すと35%でためる"", ""さいだいHP+2"", ""しゅび力+2"", ""おしゃれさ+2""]","[""味方死亡時1%でためる"", ""味方死亡時2%でためる"", ""味方死亡時1%で聖女の守り"", ""味方死亡時2%で聖女の守り"", ""さいだいHP+2""]","[""Sキラーマシンの討伐報酬"", ""銀のフェザーチップ12枚"", ""アスフェルド光章2個(1回のみ)"", ""アスフェルド大光章2個(1回のみ)""]",https://draquex.com/akuse/../assets/img-akuse/akuse-kao-3.jpg,https://draquex.com/akuse/0-kao.php,https://draquex.com/akuse/akuse-kao-3.php,2026-03-12 05:57:11,2026-03-12 05:57:11
3,accessory_kao_3,アクセルギア,Mechanical Monocle,accessory,顔アクセサリー,顔,,バトル中まれに すぐ行動できる 機械式モノクル,"[""6％で行動ターンを消費しない"", ""しゅび力+2"", ""おしゃれさ+1""]","[""1％で行動ターンを消費しない"", ""1.5％で行動ターンを消費しない"", ""さいだいHP+2"", ""すばやさ+4""]","[""キラーマジンガの討伐報酬"", ""銀のフェザーチップ4枚"", ""すごろくの報酬""]",https://draquex.com/akuse/../assets/img-akuse/akuse-kao-4.jpg,https://draquex.com/akuse/0-kao.php,https://draquex.com/akuse/akuse-kao-4.php,2026-03-12 05:57:13,2026-03-12 05:57:13
4,accessory_kao_4,死神のピアス,Reaper's Earrings,accessory,顔アクセサリー,顔,,バトル中まれに すぐ行動できる 死神のピアス,"[""9％で行動ターンを消費しない"", ""しゅび力+2"", ""おしゃれさ+1""]","[""特技のダメージ+5"", ""特技の回復量+5"", ""呪文のダメージ+5"", ""呪文の回復量+5""]","[""スライダークの討伐報酬"", ""アスフェルド光章2個(1回のみ)""]",https://draquex.com/akuse/../assets/img-akuse/akuse-kao-5.jpg,https://draquex.com/akuse/0-kao.php,https://draquex.com/akuse/akuse-kao-5.php,2026-03-12 05:57:15,2026-03-12 05:57:15
5,accessory_kao_5,マーシャルピアス,Martial Earring,accessory,顔アクセサリー,顔,,呪文と特技による ダメージが増す 行動的なピアス,"[""10.5%でターン消費なし(試合無効)"", ""呪文と特技のダメージ+15(試合無効""]","[""特技のダメージ+3"", ""特技のダメージ+4"", ""特技のダメージ+5"", ""呪文のダメージ+3"", ""呪文のダメージ+4"", ""呪文のダメージ+5""]","[""コインボス「結界の守護者たち」の討伐報酬""]",https://draquex.com/akuse/../assets/img-akuse/akuse-kao-36.jpg,https://draquex.com/akuse/0-kao.php,https://draquex.com/akuse/akuse-kao-36.php,2026-03-12 05:57:17,2026-03-12 05:57:17
6,accessory_kao_6,レメディピアス,Remedial Earring,accessory,顔アクセサリー,顔,,呪文と特技による 回復量が増える 行動的なピアス,"[""10.5%でターン消費なし(試合無効)"", ""呪文と特技の回復量+15(試合無効""]","[""特技の回復量+3"", ""特技の回復量+4"", ""特技の回復量+5"", ""呪文の回復量+3"", ""呪文の回復量+4"", ""呪文の回復量+5""]","[""コインボス「結界の守護者たち」の討伐報酬""]",https://draquex.com/akuse/../assets/img-akuse/akuse-kao-37.jpg,https://draquex.com/akuse/0-kao.php,https://draquex.com/akuse/akuse-kao-37.php,2026-03-12 05:57:20,2026-03-12 05:57:20
7,accessory_kao_7,悪霊の仮面,Evil Spirit Mask,accessory,顔アクセサリー,顔,,開戦時まれに 必殺チャージする なぞめいた仮面,"[""開戦時6%で必殺チャージ"", ""しゅび力+2"", ""おしゃれさ+2""]","[""さいだいHP+2"", ""さいだいMP+2"", ""しゅび力+2"", ""こうげき魔力+2"", ""かいふく魔力+2"", ""すばやさ+2"", ""きようさ+2"", ""おしゃれさ+2"", ""おもさ+2"", ""戦闘開始時2%で必殺チャージ""]","[""悪霊の神々の討伐報酬"", ""銀のフェザーチップ4枚"", ""すごろくの報酬""]",https://draquex.com/akuse/../assets/img-akuse/akuse-kao-1.jpg,https://draquex.com/akuse/0-kao.php,https://draquex.com/akuse/akuse-kao-1.php,2026-03-12 05:57:22,2026-03-12 05:57:22
8,accessory_kao_8,魔犬の仮面,Demon Dog Mask,accessory,顔アクセサリー,顔,,開戦時たまに 必殺チャージする 面妖な仮面,"[""開戦時10％で必殺チャージ"", ""しゅび力+6"", ""さいだいHP+4"", ""さいだいMP+4"", ""おしゃれさ+6"", ""すばやさ+4"", ""きようさ+4"", ""こうげき魔力+4"", ""かいふく魔力+4"", ""おもさ+4""]","[""必殺チャージ時 バイキルト"", ""必殺チャージ時 魔力かくせい"", ""必殺チャージ時 聖なる祈り"", ""必殺チャージ時 早詠みの杖"", ""必殺チャージ時 スカラ2段階"", ""必殺チャージ時 魔結界2段階"", ""必殺チャージ時 心頭滅却"", ""必殺チャージ時 ピオラ2段階"", ""必殺チャージ時 弓聖の守り星"", ""必殺チャージ時 ホップスティック"", ""必殺チャージ時10%で聖騎士の堅陣""]","[""魔犬レオパルドの討伐報酬""]",https://draquex.com/akuse/../assets/img-akuse/akuse-kao-31.jpg,https://draquex.com/akuse/0-kao.php,https://draquex.com/akuse/akuse-kao-31.php,2026-03-12 05:57:24,2026-03-12 05:57:24
9,accessory_kao_9,デスマスク,Slaughtomask,accessory,顔アクセサリー,顔,,開戦時たまに 必殺チャージする 迫力満点の仮面,"[""開戦時10％で必殺チャージ"", ""しゅび力+6"", ""さいだいHP+4"", ""さいだいMP+4"", ""おしゃれさ+6"", ""すばやさ+4"", ""きようさ+4"", ""こうげき魔力+4"", ""かいふく魔力+4"", ""おもさ+4""]","[""必殺チャージ時 バイキルト"", ""必殺チャージ時 魔力かくせい"", ""必殺チャージ時 聖なる祈り"", ""必殺チャージ時 早詠みの杖"", ""必殺チャージ時 スカラ2段階"", ""必殺チャージ時 魔結界2段階"", ""必殺チャージ時 心頭滅却"", ""必殺チャージ時 ピオラ2段階"", ""必殺チャージ時 弓聖の守り星"", ""必殺チャージ時 ホップスティック"", ""必殺チャージ時10%で聖騎士の堅陣"", ""必殺チャージ時 牙神昇誕"", ""必殺チャージ時 暴走確定"", ""必殺チャージ時 まもりのきり"", ""必殺チャージ時 聖女の守り"", ""必殺チャージ時 会心ガード""]","[""デスマシーンの討伐報酬""]",https://draquex.com/akuse/../assets/img-akuse/akuse-kao-38.jpg,https://draquex.com/akuse/0-kao.php,https://draquex.com/akuse/akuse-kao-38.php,2026-03-12 05:57:26,2026-03-12 05:57:26
10,accessory_kao_10,ダークアイ,Dark Eye,accessory,顔アクセサリー,顔,,魅了に強くHPと 攻撃魔力が増える 漆黒の仮面,"[""魅了ガード+50％"", ""さいだいHP+4"", ""こうげき魔力+10""]","[""さいだいHP+2"", ""こうげき魔力+2"", ""こうげき魔力+3"", ""魅了ガード+5%"", ""魅了ガード+10%""]","[""レグナライト10個で交換する""]",https://draquex.com/akuse/../assets/img-akuse/akuse-kao-6.jpg,https://draquex.com/akuse/0-kao.php,https://draquex.com/akuse/akuse-kao-6.php,2026-03-12 05:57:28,2026-03-12 05:57:28
11,accessory_kao_11,ダークグラス,Dark Glasses,accessory,顔アクセサリー,顔,,幻惑の攻撃に とても強くなる おしゃれなグラス,"[""幻惑ガード+70％"", ""おしゃれさ+10"", ""しゅび力+2""]","[""幻惑ガード+5%"", ""幻惑ガード+10%"", ""こうげき力+2"", ""さいだいHP+2""]","[""レグナライト20個で交換する""]",https://draquex.com/akuse/../assets/img-akuse/akuse-kao-7.jpg,https://draquex.com/akuse/0-kao.php,https://draquex.com/akuse/akuse-kao-7.php,2026-03-12 05:57:30,2026-03-12 05:57:30
12,accessory_kao_12,ネレウスマスク,Nereus Mask,accessory,顔アクセサリー,顔,,大海に渦巻く 水の霊力が満ちた 毒に強いマスク,"[""どくガード+50%"", ""さいだいHP+4"", ""おしゃれさ+4""]","[""毒ガード+5%"", ""毒ガード+10%"", ""さいだいHP+2""]","[""レグナライト25個で交換する""]",https://draquex.com/akuse/../assets/img-akuse/akuse-kao-8.jpg,https://draquex.com/akuse/0-kao.php,https://draquex.com/akuse/akuse-kao-8.php,2026-03-12 05:57:32,2026-03-12 05:57:32
13,accessory_kao_13,ダンディサングラス,Aviator Sunglasses,accessory,顔アクセサリー,顔,,幻惑に強くなる おしゃれな サングラス,"[""幻惑ガード+50％"", ""おしゃれさ+10"", ""しゅび力+2""]","[""幻惑ガード+5%"", ""幻惑ガード+10%"", ""おしゃれさ+1"", ""おしゃれさ+2"", ""おしゃれさ+3"", ""おしゃれさ+4"", ""おしゃれさ+5""]","[""小さなメダル10枚で交換""]",https://draquex.com/akuse/../assets/img-akuse/akuse-kao-26.jpg,https://draquex.com/akuse/0-kao.php,https://draquex.com/akuse/akuse-kao-26.php,2026-03-12 05:57:34,2026-03-12 05:57:34
14,accessory_kao_14,モノクル,Monocle,accessory,顔アクセサリー,顔,,呪文暴走率高まる 金色のフレームの 片目用メガネ,"[""呪文ぼうそう率+5.0%"", ""おしゃれさ+4"", ""しゅび力+2""]","[""こうげき魔力+1"", ""こうげき魔力+2"", ""かいふく魔力+1"", ""かいふく魔力+2"", ""呪文ぼうそう率+1%"", ""呪文ぼうそう率+2%""]","[""きめんどうしのレアドロ"", ""まかいしつじのレアドロ""]",https://draquex.com/akuse/../assets/img-akuse/akuse-kao-9.jpg,https://draquex.com/akuse/0-kao.php,https://draquex.com/akuse/akuse-kao-9.php,2026-03-12 05:57:36,2026-03-12 05:57:36
15,accessory_kao_15,パーティーメガネ,Stimulating Specs,accessory,顔アクセサリー,顔,,開戦時たまに テンション上がる イケてるメガネ,"[""開戦時10%でためる"", ""おしゃれさ+10"", ""しゅび力+2""]","[""しゅび力+1"", ""しゅび力+2"", ""おしゃれさ+1"", ""おしゃれさ+2"", ""戦闘開始時1%でためる"", ""戦闘開始時2%でためる""]","[""小さなメダル10枚で交換""]",https://draquex.com/akuse/../assets/img-akuse/akuse-kao-10.jpg,https://draquex.com/akuse/0-kao.php,https://draquex.com/akuse/akuse-kao-10.php,2026-03-12 05:57:39,2026-03-12 05:57:39
16,accessory_kao_16,かいとうの仮面,Mugger's Mask,accessory,顔アクセサリー,顔,,アイテムをぬすむ 成功率が上がる おしゃれなマスク,"[""きようさ+30"", ""おしゃれさ+8"", ""しゅび力+2""]","[""しゅび力+1"", ""すばやさ+1"", ""きようさ+1"", ""おしゃれさ+1"", ""おしゃれさ+2""]","[""岳都ガタラの防具屋で買う(1200G)""]",https://draquex.com/akuse/../assets/img-akuse/akuse-kao-11.jpg,https://draquex.com/akuse/0-kao.php,https://draquex.com/akuse/akuse-kao-11.php,2026-03-12 05:57:41,2026-03-12 05:57:41
17,accessory_kao_17,ねこひげ,Cat Whiskers,accessory,顔アクセサリー,顔,,不意をつく確率と すばやさが上がる ねこっぽいひげ,"[""不意をつく確率+2%"", ""すばやさ+5"", ""しゅび力+2"", ""おしゃれさ+2""]","[""すばやさ+1"", ""すばやさ+2"", ""すばやさ+3"", ""すばやさ+4"", ""不意をつく確率+1%"", ""不意をつく確率+1.5%""]","[""ザ・キャッツの討伐報酬""]",https://draquex.com/akuse/../assets/img-akuse/akuse-kao-12.jpg,https://draquex.com/akuse/0-kao.php,https://draquex.com/akuse/akuse-kao-12.php,2026-03-12 05:57:44,2026-03-12 05:57:44
18,accessory_kao_18,かいけつマスク,Marveling Mask,accessory,顔アクセサリー,顔,,夜の開戦時 時々テンションが 高まるマスク,"[""夜開戦時20％でためる"", ""おしゃれさ+5"", ""しゅび力+2""]","[""きようさ+1"", ""きようさ+2"", ""おしゃれさ+1"", ""おしゃれさ+2"", ""夜の戦闘開始時に1%でためる"", ""夜の戦闘開始時に2%でためる""]","[""アスタロトのレアドロ""]",https://draquex.com/akuse/../assets/img-akuse/akuse-kao-13.jpg,https://draquex.com/akuse/0-kao.php,https://draquex.com/akuse/akuse-kao-13.php,2026-03-12 05:57:46,2026-03-12 05:57:46
19,accessory_kao_19,ぐるぐるメガネ,Safety Goggles,accessory,顔アクセサリー,顔,,魅了の攻撃に 強くなる ビン底メガネ,"[""魅了ガード+50％"", ""しゅび力+2""]","[""おしゃれさ+1"", ""おしゃれさ+2"", ""魅了ガード+5%"", ""魅了ガード+10%""]","[""小さなメダル10枚で交換""]",https://draquex.com/akuse/../assets/img-akuse/akuse-kao-14.jpg,https://draquex.com/akuse/0-kao.php,https://draquex.com/akuse/akuse-kao-14.php,2026-03-12 05:57:48,2026-03-12 05:57:48
20,accessory_kao_20,マジカルメガネ,Magical Glasses,accessory,顔アクセサリー,顔,,攻撃魔力を高める 神秘的なメガネ,"[""こうげき魔力+8"", ""おしゃれさ+5"", ""しゅび力+2""]","[""こうげき魔力+1"", ""こうげき魔力+2"", ""こうげき魔力+3"", ""さいだいMP+1""]","[""小さなメダル10枚で交換""]",https://draquex.com/akuse/../assets/img-akuse/akuse-kao-15.jpg,https://draquex.com/akuse/0-kao.php,https://draquex.com/akuse/akuse-kao-15.php,2026-03-12 05:57:50,2026-03-12 05:57:50
21,accessory_kao_21,フワフワメガネ,Fluffy Glasses,accessory,顔アクセサリー,顔,,かけると魔物が わたアメを落とす ラブリーなメガネ,"[""まれに魔物がフワフワわたアメを落とす"", ""しゅび力+2"", ""おしゃれ+6""]","[""合成できない""]","[""小さなメダル10枚で交換""]",https://draquex.com/akuse/../assets/img-akuse/akuse-kao-16.jpg,https://draquex.com/akuse/0-kao.php,https://draquex.com/akuse/akuse-kao-16.php,2026-03-12 05:57:52,2026-03-12 05:57:52
22,accessory_kao_22,教授のメガネ,Professor's Specs,accessory,顔アクセサリー,顔,,最大MPを高め 魔力も上がる おしゃれなメガネ,"[""さいだいMP+5"", ""こうげき魔力+5"", ""かいふく魔力+5"", ""おしゃれさ+2"", ""しゅび力+2""]","[""さいだいMP+1"", ""さいだいMP+2"", ""しゅび力+1"", ""しゅび力+2"", ""こうげき魔力+1"", ""こうげき魔力+2"", ""こうげき魔力+3"", ""かいふく魔力+1"", ""かいふく魔力+2"", ""かいふく魔力+3""]","[""トルネコから購入(12000G)""]",https://draquex.com/akuse/../assets/img-akuse/akuse-kao-17.jpg,https://draquex.com/akuse/0-kao.php,https://draquex.com/akuse/akuse-kao-17.php,2026-03-12 05:57:54,2026-03-12 05:57:54
23,accessory_kao_23,地中ゴーグル,Subterranean Goggles,accessory,顔アクセサリー,顔,,土の中に隠れた 魔物が見える 特殊なゴーグル,"[""地中にいる魔物の姿が見える"", ""おしゃれさ+2"", ""しゅび力+2""]","[""しゅび力+1"", ""しゅび力+2"", ""おしゃれさ+1"", ""おしゃれさ+2"", ""おしゃれさ+3"", ""おしゃれさ+4""]","[""小さなメダル1枚で交換""]",https://draquex.com/akuse/../assets/img-akuse/akuse-kao-18.jpg,https://draquex.com/akuse/0-kao.php,https://draquex.com/akuse/akuse-kao-18.php,2026-03-12 05:57:56,2026-03-12 05:57:56
24,accessory_kao_24,オカルトメガネ,Occult Glasses,accessory,顔アクセサリー,顔,,死者の世界の 魔物の姿が見える 不思議なメガネ,"[""死者の世界の魔物の姿が見える"", ""おしゃれさ+3"", ""しゅび力+2""]","[""しゅび力+1"", ""しゅび力+2"", ""おしゃれさ+1"", ""おしゃれさ+2"", ""おしゃれさ+3"", ""おしゃれさ+4""]","[""小さなメダル1枚で交換""]",https://draquex.com/akuse/../assets/img-akuse/akuse-kao-29.jpg,https://draquex.com/akuse/0-kao.php,https://draquex.com/akuse/akuse-kao-29.php,2026-03-12 05:57:58,2026-03-12 05:57:58
25,accessory_kao_25,いやしのメガネ,X-Ray Specs,accessory,顔アクセサリー,顔,,回復魔力を高める おごそかなメガネ,"[""かいふく魔力+8"", ""おしゃれさ+5"", ""しゅび力+2""]","[""さいだいMP+1"", ""しゅび力+1"", ""しゅび力+2"", ""かいふく魔力+1"", ""かいふく魔力+2"", ""かいふく魔力+3"", ""おしゃれさ+2""]","[""小さなメダル10枚で交換""]",https://draquex.com/akuse/../assets/img-akuse/akuse-kao-23.jpg,https://draquex.com/akuse/0-kao.php,https://draquex.com/akuse/akuse-kao-23.php,2026-03-12 05:58:01,2026-03-12 05:58:01
26,accessory_kao_26,ふちなしメガネ,Borderless Specs,accessory,顔アクセサリー,顔,,攻撃魔力と 回復魔力を高める ふちなしのメガネ,"[""こうげき魔力+4"", ""かいふく魔力+4"", ""おしゃれさ+3"", ""しゅび力+2""]","[""しゅび力+1"", ""しゅび力+2"", ""こうげき魔力+1"", ""こうげき魔力+2"", ""こうげき魔力+3"", ""かいふく魔力+1"", ""かいふく魔力+2"", ""かいふく魔力+3"", ""おしゃれさ+1"", ""おしゃれさ+2""]","[""小さなメダル10枚で交換""]",https://draquex.com/akuse/../assets/img-akuse/akuse-kao-28.jpg,https://draquex.com/akuse/0-kao.php,https://draquex.com/akuse/akuse-kao-28.php,2026-03-12 05:58:03,2026-03-12 05:58:03
27,accessory_kao_27,黒ぶちメガネ角,Black Square Glasses,accessory,顔アクセサリー,顔,,かけるとアタマが よさそうに見える 四角いメガネ,"[""しゅび力+2"", ""おしゃれさ+3""]","[""しゅび力+1"", ""しゅび力+2"", ""おしゃれさ+1"", ""おしゃれさ+2"", ""おしゃれさ+3"", ""おしゃれさ+4""]","[""マッドスミスのレアドロ"", ""リビングデッドのレアドロ""]",https://draquex.com/akuse/../assets/img-akuse/akuse-kao-30.jpg,https://draquex.com/akuse/0-kao.php,https://draquex.com/akuse/akuse-kao-30.php,2026-03-12 05:58:04,2026-03-12 05:58:04
28,accessory_kao_28,黒アイパッチ,Black Eyepatch,accessory,顔アクセサリー,顔,,開戦時 バイシオンが まれに発動する,"[""開戦時5%でバイシオン"", ""しゅび力+2"", ""おしゃれさ+2""]","[""さいだいHP+1"", ""さいだいHP+2"", ""しゅび力+1"", ""しゅび力+2"", ""戦闘開始時に1%でバイシオン"", ""戦闘開始時に2%でバイシオン""]","[""アカツキショウグンのレアドロ"", ""デビルロードのレアドロ""]",https://draquex.com/akuse/../assets/img-akuse/akuse-kao-25.jpg,https://draquex.com/akuse/0-kao.php,https://draquex.com/akuse/akuse-kao-25.php,2026-03-12 05:58:06,2026-03-12 05:58:06
29,accessory_kao_29,白アイパッチ,White Eyepatch,accessory,顔アクセサリー,顔,,開戦時 リホイミが たまに発動する,"[""開戦時10%でリホイミ"", ""しゅび力+2"", ""おしゃれさ+2""]","[""さいだいHP+1"", ""さいだいHP+2"", ""しゅび力+1"", ""しゅび力+2"", ""戦闘開始時に1%でリホイミ"", ""戦闘開始時に2%でリホイミ""]","[""しろバラのきしのレアドロ"", ""プリティフライのレアドロ""]",https://draquex.com/akuse/../assets/img-akuse/akuse-kao-27.jpg,https://draquex.com/akuse/0-kao.php,https://draquex.com/akuse/akuse-kao-27.php,2026-03-12 05:58:08,2026-03-12 05:58:08
30,accessory_kao_30,ファントムマスク,Phantom Mask,accessory,顔アクセサリー,顔,,正体を隠すため 身につける あやしいマスク,"[""おしゃれさ+20"", ""しゅび力+1""]","[""すばやさ+1"", ""すばやさ+2"", ""きようさ+1"", ""きようさ+2"", ""おしゃれさ+1"", ""おしゃれさ+2"", ""おしゃれさ+3"", ""おしゃれさ+4""]","[""小さなメダル5枚で交換""]",https://draquex.com/akuse/../assets/img-akuse/akuse-kao-19.jpg,https://draquex.com/akuse/0-kao.php,https://draquex.com/akuse/akuse-kao-19.php,2026-03-12 05:58:10,2026-03-12 05:58:10
31,accessory_kao_31,マスカレイドマスク,Masquerade Mask,accessory,顔アクセサリー,顔,,上流貴族たちが 舞踏会で愛用する 極上のマスク,"[""おしゃれさ+25"", ""しゅび力+2""]","[""さいだいHP+1"", ""しゅび力+1"", ""こうげき魔力+1"", ""かいふく魔力+1"", ""きようさ+1"", ""おしゃれさ+1"", ""おしゃれさ+2""]","[""小さなメダル5枚で交換""]",https://draquex.com/akuse/../assets/img-akuse/akuse-kao-20.jpg,https://draquex.com/akuse/0-kao.php,https://draquex.com/akuse/akuse-kao-20.php,2026-03-12 05:58:13,2026-03-12 05:58:13
32,accessory_kao_32,フサフサのヒゲ,Fluffy Mustache,accessory,顔アクセサリー,顔,,フサフサして さわり心地のよい つけヒゲ,"[""おしゃれさ+2"", ""しゅび力+2""]","[""さいだいHP+1"", ""しゅび力+1"", ""こうげき魔力+1"", ""かいふく魔力+1"", ""きようさ+1"", ""おしゃれさ+1"", ""おしゃれさ+2""]","[""小さなメダル5枚で交換""]",https://draquex.com/akuse/../assets/img-akuse/akuse-kao-21.jpg,https://draquex.com/akuse/0-kao.php,https://draquex.com/akuse/akuse-kao-21.php,2026-03-12 05:58:16,2026-03-12 05:58:16
33,accessory_kao_33,フサフサの白ヒゲ,Fluffy White Mustache,accessory,顔アクセサリー,顔,,フサフサして さわり心地のよい 白いつけヒゲ,"[""おしゃれさ+2"", ""しゅび力+2""]","[""さいだいHP+1"", ""しゅび力+1"", ""こうげき魔力+1"", ""かいふく魔力+1"", ""きようさ+1"", ""おしゃれさ+1"", ""おしゃれさ+2""]","[""小さなメダル5枚で交換""]",https://draquex.com/akuse/../assets/img-akuse/akuse-kao-22.jpg,https://draquex.com/akuse/0-kao.php,https://draquex.com/akuse/akuse-kao-22.php,2026-03-12 05:58:18,2026-03-12 05:58:18
34,accessory_kao_34,エラい人のヒゲ,Big-Wig Mustache,accessory,顔アクセサリー,顔,,エラい人の気分が ちょっと味わえる ダンディなヒゲ,"[""おしゃれさ+2"", ""しゅび力+2""]","[""さいだいHP+1"", ""しゅび力+1"", ""こうげき魔力+1"", ""かいふく魔力+1"", ""きようさ+1"", ""おしゃれさ+1"", ""おしゃれさ+2""]","[""トルネコから購入(12000G)""]",https://draquex.com/akuse/../assets/img-akuse/akuse-kao-24.jpg,https://draquex.com/akuse/0-kao.php,https://draquex.com/akuse/akuse-kao-24.php,2026-03-12 05:58:20,2026-03-12 05:58:20
35,accessory_kao_35,ラウンドメガネ,Round Glasses,accessory,顔アクセサリー,顔,,丸くて大きい フレームが特徴の レンズ入りメガネ,"[""しゅび力+4"", ""おしゃれさ+10""]","[""合成できない""]","[""ヴェリのアクセ屋5000G""]",https://draquex.com/akuse/../assets/img-akuse/akuse-kao-32.jpg,https://draquex.com/akuse/0-kao.php,https://draquex.com/akuse/akuse-kao-32.php,2026-03-12 05:58:22,2026-03-12 05:58:22
36,accessory_kao_36,黒ぶちメガネ丸,Black Round Glasses,accessory,顔アクセサリー,顔,,かけるとアタマが よさそうに見える まるいメガネ,"[""しゅび力+2"", ""おしゃれさ+6""]","[""しゅび力+1"", ""しゅび力+2"", ""おしゃれさ+1"", ""おしゃれさ+2"", ""おしゃれさ+3"", ""おしゃれさ+4""]","[""リュウイーソーのレアドロ""]",https://draquex.com/akuse/../assets/img-akuse/akuse-kao-33.jpg,https://draquex.com/akuse/0-kao.php,https://draquex.com/akuse/akuse-kao-33.php,2026-03-12 05:58:23,2026-03-12 05:58:23
37,accessory_kao_37,スライムピアス,Slime Earrings,accessory,顔アクセサリー,顔,,かわいくプルンと 耳元でゆれる スライム型ピアス,"[""しゅび力+2"", ""おしゃれさ+3""]","[""さいだいHP+1"", ""しゅび力+1"", ""しゅび力+2"", ""きようさ+1"", ""きようさ+2"", ""おしゃれさ+1"", ""おしゃれさ+2""]","[""マリンスライムのレアドロ""]",https://draquex.com/akuse/../assets/img-akuse/akuse-kao-34.jpg,https://draquex.com/akuse/0-kao.php,https://draquex.com/akuse/akuse-kao-34.php,2026-03-12 05:58:25,2026-03-12 05:58:25
38,accessory_kao_38,ほしくずのピアス,Stardust Earrings,accessory,顔アクセサリー,顔,,すばやさを高める 星をあしらった かわいい耳かざり,"[""すばやさ+2"", ""おしゃれさ+6""]","[""しゅび力+1"", ""しゅび力+2"", ""すばやさ+1"", ""すばやさ+2"", ""すばやさ+3"", ""すばやさ+4"", ""すばやさ+5"", ""おしゃれさ+1"", ""おしゃれさ+2""]","[""スターキメラのレアドロ""]",https://draquex.com/akuse/../assets/img-akuse/akuse-kao-35.jpg,https://draquex.com/akuse/0-kao.php,https://draquex.com/akuse/akuse-kao-35.php,2026-03-12 05:58:27,2026-03-12 05:58:27
60,accessory_kubi_1,バトルチョーカー,Dogged Collar,accessory,首アクセサリー,首,,猛者の印となる 攻撃力を高める 栄誉ある首かざり,"[""こうげき力+7"", ""おしゃれさ+6""]","[""さいだいHP+2"", ""こうげき力+2"", ""こうげき力+3"", ""こうげき力+5""]","[""アトラスの討伐報酬"", ""銀のフェザーチップ4枚"", ""すごろくの報酬""]",https://draquex.com/akuse/../assets/img-akuse/akuse-kubi-3.jpg,https://draquex.com/akuse/0-kubi.php,https://draquex.com/akuse/akuse-kubi-3.php,2026-03-12 05:59:14,2026-03-12 05:59:14
61,accessory_kubi_2,忠誠のチョーカー,Champion's Choker,accessory,首アクセサリー,首,,戦神の加護で 攻撃力が高まる 至高の首かざり,"[""こうげき力+10"", ""さいだいHP+3"", ""おしゃれさ+6""]","[""こうげき力+2"", ""こうげき力+3"", ""こうげき力+5"", ""さいだいHP+1"", ""さいだいHP+2""]","[""伝説の三悪魔の討伐報酬"", ""銀のフェザーチップ12枚"", ""すごろくの報酬""]",https://draquex.com/akuse/../assets/img-akuse/akuse-kubi-4.jpg,https://draquex.com/akuse/0-kubi.php,https://draquex.com/akuse/akuse-kubi-4.php,2026-03-12 05:59:16,2026-03-12 05:59:16
62,accessory_kubi_3,ラストチョーカー,Ultimate Choker,accessory,首アクセサリー,首,,進化の秘宝により 攻撃力が究極に 高まる首かざり,"[""こうげき力+30"", ""さいだいHP+11"", ""おしゃれさ+6""]","[""こうげき力+6"", ""こうげき力+7"", ""こうげき力+8"", ""こうげき力+9"", ""こうげき力+10""]","[""コインボス「究極エビルプリースト」の討伐報酬""]",https://draquex.com/akuse/../assets/img-akuse/akuse-kubi-19.jpg,https://draquex.com/akuse/0-kubi.php,https://draquex.com/akuse/akuse-kubi-19.php,2026-03-12 05:59:18,2026-03-12 05:59:18
63,accessory_kubi_4,幻界王の首かざり,Dreadful Necklace,accessory,首アクセサリー,首,,強さを低下する 攻撃から身を守る 不思議な首かざり,"[""各弱体系耐性+50%"", ""しゅび力+25"", ""さいだいHP+45"", ""おしゃれさ+5""]","[""さいだいHP+3"", ""さいだいHP+5"", ""各弱体系耐性25%"", ""各弱体系耐性20%"", ""各弱体系耐性15%"", ""各弱体系耐性10%""]","[""コインボス「真・幻界諸侯」の討伐報酬""]",https://draquex.com/akuse/../assets/img-akuse/akuse-kubi-18.jpg,https://draquex.com/akuse/0-kubi.php,https://draquex.com/akuse/akuse-kubi-18.php,2026-03-12 05:59:20,2026-03-12 05:59:20
64,accessory_kubi_5,銀のロザリオ,Silver Rosary,accessory,首アクセサリー,首,,死の寸前たまに HP1で生き残る 神聖な銀のお守り,"[""致死ダメージ時10％で生存"", ""かいふく魔力+2"", ""しゅび力+2"", ""おしゃれさ+4""]","[""致死ダメージ時生存確率+5%"", ""さいだいHP+2"", ""さいだいHP+3"", ""しゅび力+3"", ""さいだいHP+4""]","[""ベリアルの討伐報酬"", ""銀のフェザーチップ4枚"", ""すごろくの報酬""]",https://draquex.com/akuse/../assets/img-akuse/akuse-kubi-1.jpg,https://draquex.com/akuse/0-kubi.php,https://draquex.com/akuse/akuse-kubi-1.php,2026-03-12 05:59:22,2026-03-12 05:59:22
65,accessory_kubi_6,金のロザリオ,Gold Rosary,accessory,首アクセサリー,首,,死の寸前HP1で 意外と生き残る 神聖な金のお守り,"[""致死ダメージ時20％で生存"", ""さいだいHP+5"", ""こうげき力+3"", ""しゅび力+2"", ""かいふく魔力+5"", ""おしゃれさ+5""]","[""さいだいHP+2"", ""さいだいHP+3"", ""こうげき力+3"", ""こうげき力+5"", ""しゅび力+5""]","[""牙王ゴースネルの討伐報酬"", ""銀のフェザーチップ12枚"", ""アスフェルド光章2個(1回のみ)"", ""アスフェルド大光章2個(1回のみ)"", ""すごろくの報酬""]",https://draquex.com/akuse/../assets/img-akuse/akuse-kubi-5.jpg,https://draquex.com/akuse/0-kubi.php,https://draquex.com/akuse/akuse-kubi-5.php,2026-03-12 05:59:24,2026-03-12 05:59:24
66,accessory_kubi_7,魔王のネックレス,Sock-It Locket,accessory,首アクセサリー,首,,おそるべき 攻撃魔力を宿した ネックレス,"[""こうげき魔力+25"", ""おしゃれさ+2""]","[""こうげき魔力+3"", ""こうげき魔力+5"", ""さいだいMP+2"", ""さいだいMP+3""]","[""バラモスの討伐報酬"", ""銀のフェザーチップ4枚"", ""すごろくの報酬""]",https://draquex.com/akuse/../assets/img-akuse/akuse-kubi-2.jpg,https://draquex.com/akuse/0-kubi.php,https://draquex.com/akuse/akuse-kubi-2.php,2026-03-12 05:59:26,2026-03-12 05:59:26
67,accessory_kubi_8,智謀の首かざり,Wisdom Necklace,accessory,首アクセサリー,首,,とてつもない 攻撃魔力を宿した ネックレス,"[""攻撃魔力+50"", ""おしゃれさ+4""]","[""炎の攻撃ダメージ+0.5％"", ""炎の攻撃ダメージ+1％"", ""氷の攻撃ダメージ+0.5％"", ""氷の攻撃ダメージ+1％"", ""風の攻撃ダメージ+0.5％"", ""風の攻撃ダメージ+1％"", ""雷の攻撃ダメージ+0.5％"", ""雷の攻撃ダメージ+1％"", ""土の攻撃ダメージ+0.5％"", ""土の攻撃ダメージ+1％"", ""光の攻撃ダメージ+0.5％"", ""光の攻撃ダメージ+1％"", ""闇の攻撃ダメージ+0.5％"", ""闇の攻撃ダメージ+1％""]","[""ゲルニック将軍の討伐報酬""]",https://draquex.com/akuse/../assets/img-akuse/akuse-kubi-15.jpg,https://draquex.com/akuse/0-kubi.php,https://draquex.com/akuse/akuse-kubi-15.php,2026-03-12 05:59:28,2026-03-12 05:59:28
68,accessory_kubi_9,竜のうろこ,Dragon Scale,accessory,首アクセサリー,首,,敵からの攻撃に 打たれ強くなる 首かざり,"[""受けるダメージを30軽減する"", ""こうげき力+3"", ""しゅび力+3"", ""さいだいHP+5"", ""おしゃれさ+5""]","[""さいだいHP+2"", ""さいだいHP+3"", ""こうげき力+3"", ""こうげき力+5"", ""しゅび力+5""]","[""ドラゴンの討伐報酬""]",https://draquex.com/akuse/../assets/img-akuse/akuse-kubi-16.jpg,https://draquex.com/akuse/0-kubi.php,https://draquex.com/akuse/akuse-kubi-16.php,2026-03-12 05:59:30,2026-03-12 05:59:30
69,accessory_kubi_10,赤竜の首かざり,Spitzfire Strand,accessory,首アクセサリー,首,,敵からの攻撃に さらに強くなった 首かざり,"[""こうげき力+18"", ""さいだいHP+14"", ""しゅび力+18"", ""おしゃれさ+5""]","[""さいだいHP+2"", ""さいだいHP+3"", ""こうげき力+3"", ""こうげき力+5"", ""しゅび力+5""]","[""コインボス「人食い火竜」の討伐報酬""]",https://draquex.com/akuse/../assets/img-akuse/akuse-kubi-20.jpg,https://draquex.com/akuse/0-kubi.php,https://draquex.com/akuse/akuse-kubi-20.php,2026-03-12 05:59:32,2026-03-12 05:59:32
70,accessory_kubi_11,おうじょのあい,Princess' Pledge,accessory,首アクセサリー,首,,ある国の王女の 愛がこめられた ペンダント,"[""おしゃれさ+1"", ""おもさ+1""]","[""レアドロップ率1.1倍"", ""転生モンスター出現率1.1倍"", ""メタル系モンスター出現率1.1倍""]","[""コインボス「ドラゴン」を倒したときに手に入る竜のうろこの破片を300個で交換""]",https://draquex.com/akuse/../assets/img-akuse/akuse-kubi-17.jpg,https://draquex.com/akuse/0-kubi.php,https://draquex.com/akuse/akuse-kubi-17.php,2026-03-12 05:59:34,2026-03-12 05:59:34
71,accessory_kubi_12,木彫りのロザリオ,Wood Carved Rosary,accessory,首アクセサリー,首,,死の寸前まれに HP1で生き残る 神聖な木彫り細工,"[""致死ダメージ時5%で生存"", ""しゅび力+2"", ""おしゃれさ+2"", ""かいふく魔力+2""]","[""さいだいHP+1"", ""さいだいHP+2"", ""さいだいHP+3"", ""しゅび力+3"", ""しゅび力+4"", ""致死ダメージや即死効果時に生き残る確率+5%""]","[""小さなメダル15枚で交換""]",https://draquex.com/akuse/../assets/img-akuse/akuse-kubi-8.jpg,https://draquex.com/akuse/0-kubi.php,https://draquex.com/akuse/akuse-kubi-8.php,2026-03-12 05:59:36,2026-03-12 05:59:36
72,accessory_kubi_13,ラッキーペンダント,Lucky Pendant,accessory,首アクセサリー,首,,強さを低下させる さまざまな攻撃に 強くなる首かざり,"[""各弱体系耐性+10%"", ""おしゃれさ+4"", ""しゅび力+2""]","[""さいだいHP+1"", ""しゅび力+1"", ""しゅび力+2"", ""能力弱体系状態異常耐性+3%"", ""能力弱体系状態異常耐性+5%""]","[""おにこんぼうのレアドロ"", ""ズッキーニャのレアドロ"", ""ぶっちズキーニャのレアドロ"", ""ユキフルのレアドロ""]",https://draquex.com/akuse/../assets/img-akuse/akuse-kubi-6.jpg,https://draquex.com/akuse/0-kubi.php,https://draquex.com/akuse/akuse-kubi-6.php,2026-03-12 05:59:38,2026-03-12 05:59:38
73,accessory_kubi_14,ちからのペンダント,Wrecklace,accessory,首アクセサリー,首,,攻撃力を高める 闘魂を込めた ルビーの首かざり,"[""こうげき力+5""]","[""さいだいHP+1"", ""さいだいHP+2"", ""こうげき力+1"", ""こうげき力+2""]","[""小さなメダル15枚で交換""]",https://draquex.com/akuse/../assets/img-akuse/akuse-kubi-7.jpg,https://draquex.com/akuse/0-kubi.php,https://draquex.com/akuse/akuse-kubi-7.php,2026-03-12 05:59:42,2026-03-12 05:59:42
74,accessory_kubi_15,命のネックレス,Block-It Locket,accessory,首アクセサリー,首,,最大HPが増え 戦闘後にHPを 少し回復,"[""戦闘勝利時にHPが3～7回復"", ""さいだいHP+2"", ""しゅび力+2"", ""おしゃれさ+2""]","[""さいだいHP+1"", ""さいだいHP+2"", ""さいだいHP+3"", ""しゅび力+1"", ""しゅび力+2"", ""戦闘勝利時にHP回復+2""]","[""小さなメダル20枚で交換""]",https://draquex.com/akuse/../assets/img-akuse/akuse-kubi-9.jpg,https://draquex.com/akuse/0-kubi.php,https://draquex.com/akuse/akuse-kubi-9.php,2026-03-12 05:59:45,2026-03-12 05:59:45
75,accessory_kubi_16,ちょうネクタイ,Bow Tie,accessory,首アクセサリー,首,,夜会などで 紳士が身につける しゃれたネクタイ,"[""おしゃれさ+10"", ""しゅび力+2""]","[""しゅび力+1"", ""すばやさ+1"", ""きようさ+1"", ""おしゃれさ+1"", ""おしゃれさ+2"", ""おしゃれさ+3"", ""おしゃれさ+4"", ""おしゃれさ+5""]","[""ヴェリのアクセ屋5000G""]",https://draquex.com/akuse/../assets/img-akuse/akuse-kubi-10.jpg,https://draquex.com/akuse/0-kubi.php,https://draquex.com/akuse/akuse-kubi-10.php,2026-03-12 05:59:47,2026-03-12 05:59:47
76,accessory_kubi_17,きんのネックレス,Gold Chain,accessory,首アクセサリー,首,,HPが増える 金の鎖でできた 派手なネックレス,"[""さいだいHP+3"", ""しゅび力+2""]","[""さいだいHP+1"", ""しゅび力+1"", ""おもさ+1"", ""おもさ+2""]","[""ミミックのレアドロ"", ""わかめ王子のレアドロ"", ""ヴェリのアクセ屋5000G""]",https://draquex.com/akuse/../assets/img-akuse/akuse-kubi-11.jpg,https://draquex.com/akuse/0-kubi.php,https://draquex.com/akuse/akuse-kubi-11.php,2026-03-12 05:59:48,2026-03-12 05:59:48
77,accessory_kubi_18,ようせいの首かざり,Papillon Pendant,accessory,首アクセサリー,首,,HPとMPが増え MP吸収の攻撃に 強くなる首かざり,"[""MP吸収ガード+25%"", ""さいだいHP+2"", ""さいだいMP+2"", ""おしゃれさ+5"", ""しゅび力+2""]","[""しゅび力+1"", ""しゅび力+2"", ""MP吸収ガード+5%"", ""MP吸収ガード+10%""]","[""オリエンタシスのレアドロ"", ""サイクロプスのレアドロ""]",https://draquex.com/akuse/../assets/img-akuse/akuse-kubi-12.jpg,https://draquex.com/akuse/0-kubi.php,https://draquex.com/akuse/akuse-kubi-12.php,2026-03-12 05:59:50,2026-03-12 05:59:50
78,accessory_kubi_19,ハートのペンダント,Heart Pendant,accessory,首アクセサリー,首,,HPが増える くじけない心が 宿る首かざり,"[""さいだいHP+2""]","[""さいだいHP+1"", ""さいだいHP+2"", ""さいだいHP+3"", ""しゅび力+1"", ""しゅび力+2"", ""おしゃれさ+1"", ""おしゃれさ+2""]","[""ベホマスライムのレアドロ""]",https://draquex.com/akuse/../assets/img-akuse/akuse-kubi-13.jpg,https://draquex.com/akuse/0-kubi.php,https://draquex.com/akuse/akuse-kubi-13.php,2026-03-12 05:59:52,2026-03-12 05:59:52
79,accessory_kubi_20,まもりのペンダント,Adamant Pendant,accessory,首アクセサリー,首,,守備力を高める 祈りを込めた ルビーの首かざり,"[""しゅび力+6"", ""おしゃれさ+3""]","[""さいだいHP+1"", ""さいだいHP+2"", ""しゅび力+1"", ""しゅび力+2"", ""しゅび力+3""]","[""小さなメダル20枚で交換""]",https://draquex.com/akuse/../assets/img-akuse/akuse-kubi-14.jpg,https://draquex.com/akuse/0-kubi.php,https://draquex.com/akuse/akuse-kubi-14.php,2026-03-12 05:59:55,2026-03-12 05:59:55
80,accessory_yubi_1,聖守護者のゆびわ,Sentinel's Ring,accessory,指アクセサリー,指,,聖守護者の加護で 悪い効果から 守ってくれる指輪,"[""しゅび力+1"", ""おしゃれさ+1""]","[""眠りガード+20％"", ""眠りガード+30％"", ""幻惑ガード+20％"", ""幻惑ガード+30％"", ""マヒガード+20％"", ""マヒガード+30％"", ""呪いガード+20％"", ""呪いガード+30％"", ""混乱ガード+20％"", ""混乱ガード+30％"", ""即死ガード+20％"", ""即死ガード+30％"", ""封印ガード+20％"", ""封印ガード+30％"", ""どくガード+20％"", ""どくガード+30％""]","[""○○水晶の羽根10個と交換""]",https://draquex.com/akuse/../assets/img-akuse/akuse-yubi-19.jpg,https://draquex.com/akuse/0-yubi.php,https://draquex.com/akuse/akuse-yubi-19.php,2026-03-12 06:00:42,2026-03-12 06:00:42
81,accessory_yubi_2,断罪のゆびわ,Judgment Ring,accessory,指アクセサリー,指,,さまざまな効果を 付けて強化できる 天使の指輪,"[""おしゃれさ+1""]",,"[""赤のラクリマは深淵の咎人たちのボス『厭悪のルベランギス』を倒すと手に入ります""]",https://draquex.com/akuse/../assets/img-akuse/akuse-yubi-21.jpg,https://draquex.com/akuse/0-yubi.php,https://draquex.com/akuse/akuse-yubi-21.php,2026-03-12 06:00:44,2026-03-12 06:00:44
82,accessory_yubi_3,幻界闘士のゆびわ,Phantom Fighter Ring,accessory,指アクセサリー,指,,攻撃力を高め 攻撃力アップの 時間ものばす指輪,"[""攻撃力アップの時間が5秒増加"", ""こうげき力+6"", ""おしゃれさ+2""]","[""こうげき力アップの効果が3秒増加"", ""こうげき力アップの効果が4秒増加"", ""こうげき力アップの効果が5秒増加"", ""こうげき力+2""]","[""幻界の四諸侯の討伐報酬"", ""銀のフェザーチップ4枚"", ""すごろくの報酬""]",https://draquex.com/akuse/../assets/img-akuse/akuse-yubi-2.jpg,https://draquex.com/akuse/0-yubi.php,https://draquex.com/akuse/akuse-yubi-2.php,2026-03-12 06:00:46,2026-03-12 06:00:46
83,accessory_yubi_4,幻界導師のゆびわ,Phantom Priest Ring,accessory,指アクセサリー,指,,攻撃魔力を高め 呪文威力アップの 時間ものばす指輪,"[""呪文威力アップの時間が5秒増加"", ""こうげき魔力+6"", ""おしゃれさ+2""]","[""呪文威力アップの効果が3秒増加"", ""呪文威力アップの効果が4秒増加"", ""呪文威力アップの効果が5秒増加"", ""こうげき魔力+2""]","[""幻界の四諸侯の討伐報酬"", ""銀のフェザーチップ4枚"", ""すごろくの報酬""]",https://draquex.com/akuse/../assets/img-akuse/akuse-yubi-3.jpg,https://draquex.com/akuse/0-yubi.php,https://draquex.com/akuse/akuse-yubi-3.php,2026-03-12 06:00:48,2026-03-12 06:00:48
84,accessory_yubi_5,武刃将軍のゆびわ,Warrior General Ring,accessory,指アクセサリー,指,,攻撃力系の さまざまな効果が 付与された指輪,"[""攻撃力アップの時間が15秒増加"", ""行動時3.0%でバイシオン"", ""さいだいHP+2"", ""こうげき力+10""]","[""行動時1.0%でバイシオン"", ""行動時2.0%でバイシオン"", ""行動時3.0%でバイシオン"", ""さいだいHP+1"", ""さいだいHP+2""]","[""スライムジェネラルの討伐報酬"", ""銀のフェザーチップ12枚"", ""アスフェルド光章2個(1回のみ)"", ""アスフェルド大光章2個(1回のみ)""]",https://draquex.com/akuse/../assets/img-akuse/akuse-yubi-4.jpg,https://draquex.com/akuse/0-yubi.php,https://draquex.com/akuse/akuse-yubi-4.php,2026-03-12 06:00:52,2026-03-12 06:00:52
85,accessory_yubi_6,魔導将軍のゆびわ,Mage General Ring,accessory,指アクセサリー,指,,攻撃魔力系の さまざまな効果が 付与された指輪,"[""呪文威力アップの時間が15秒増加"", ""行動時3.0%で早詠みの杖"", ""さいだいHP+2"", ""こうげき魔力+10""]","[""行動時1.0%で早詠みの杖"", ""行動時2.0%で早詠みの杖"", ""行動時3.0%で早詠みの杖"", ""さいだいHP+1"", ""さいだいHP+2""]","[""スライムジェネラルの討伐報酬"", ""銀のフェザーチップ12枚"", ""アスフェルド光章2個(1回のみ)"", ""アスフェルド大光章2個(1回のみ)""]",https://draquex.com/akuse/../assets/img-akuse/akuse-yubi-5.jpg,https://draquex.com/akuse/0-yubi.php,https://draquex.com/akuse/akuse-yubi-5.php,2026-03-12 06:00:54,2026-03-12 06:00:54
86,accessory_yubi_7,軍神のゆびわ,War Hero's Ring,accessory,指アクセサリー,指,,攻撃力系の さまざまな効果が 付与された指輪,"[""攻撃力アップの時間が20秒増加"", ""行動時12%でバイシオン"", ""さいだいHP+8"", ""こうげき力+12""]","[""死亡時5%で攻撃力上昇が残る"", ""死亡時8%で攻撃力上昇が残る"", ""死亡時10%で攻撃力上昇が残る"", ""開戦時60%でバイシオン"", ""開戦時80%でバイシオン"", ""開戦時100%でバイシオン""]","[""コインボス「タイムマスター」の討伐報酬""]",https://draquex.com/akuse/../assets/img-akuse/akuse-yubi-22.jpg,https://draquex.com/akuse/0-yubi.php,https://draquex.com/akuse/akuse-yubi-22.php,2026-03-12 06:00:56,2026-03-12 06:00:56
87,accessory_yubi_8,神智のゆびわ,Ring of Omnipotence,accessory,指アクセサリー,指,,攻撃魔力系の さまざまな効果が 付与された指輪,"[""呪文威力アップの時間が20秒増加"", ""行動時12%で早詠みの杖"", ""さいだいHP+8"", ""こうげき魔力+12""]","[""死亡時5%で呪文威力上昇が残る"", ""死亡時8%で呪文威力上昇が残る"", ""死亡時10%で呪文威力上昇が残る"", ""死亡時5%で詠唱時間短縮が残る"", ""死亡時8%で詠唱時間短縮が残る"", ""死亡時10%で詠唱時間短縮が残る"", ""開戦時60%で早詠みの杖"", ""開戦時80%で早詠みの杖"", ""開戦時100%で早詠みの杖""]","[""コインボス「タイムマスター」の討伐報酬""]",https://draquex.com/akuse/../assets/img-akuse/akuse-yubi-23.jpg,https://draquex.com/akuse/0-yubi.php,https://draquex.com/akuse/akuse-yubi-23.php,2026-03-12 06:00:58,2026-03-12 06:00:58
88,accessory_yubi_9,ひらめきのゆびわ,Sorcerer's Stone,accessory,指アクセサリー,指,,最大MPが増え 戦闘後にMPを ちょっぴり回復,"[""戦闘勝利時にMPが1～3回復"", ""さいだいMP+2"", ""しゅび力+2"", ""おしゃれさ+4""]","[""戦闘勝利時にMP回復+1"", ""さいだいMP+1"", ""さいだいMP+2"", ""さいだいMP+3"", ""さいだいMP+4""]","[""小さなメダル30枚で交換""]",https://draquex.com/akuse/../assets/img-akuse/akuse-yubi-17.jpg,https://draquex.com/akuse/0-yubi.php,https://draquex.com/akuse/akuse-yubi-17.php,2026-03-12 06:01:00,2026-03-12 06:01:00
89,accessory_yubi_10,ソーサリーリング,Sorcerer's Ring,accessory,指アクセサリー,指,,最大MPが増え 戦闘後にMPを 少し回復する指輪,"[""戦闘勝利時にMPが3～5回復"", ""さいだいMP+5"", ""おしゃれさ+5"", ""しゅび力+2""]","[""戦闘勝利時にMP回復+1"", ""さいだいMP+2"", ""さいだいMP+3"", ""さいだいMP+4""]","[""バズズの討伐報酬"", ""銀のフェザーチップ4枚"", ""すごろくの報酬""]",https://draquex.com/akuse/../assets/img-akuse/akuse-yubi-1.jpg,https://draquex.com/akuse/0-yubi.php,https://draquex.com/akuse/akuse-yubi-1.php,2026-03-12 06:01:03,2026-03-12 06:01:03
90,accessory_yubi_11,ちからのゆびわ,Strength Ring,accessory,指アクセサリー,指,,攻撃力を高める 闘気の宿った 不思議な指輪,"[""こうげき力+2"", ""しゅび力+2"", ""おしゃれさ+2""]","[""こうげき力+1"", ""こうげき力+2"", ""こうげき力+3"", ""さいだいHP+1"", ""さいだいHP+2""]","[""じごくのドアボーイのレアドロ"", ""とうぞくこぞうのレアドロ"", ""トロルキングのレアドロ"", ""ボストロールのレアドロ""]",https://draquex.com/akuse/../assets/img-akuse/akuse-yubi-6.jpg,https://draquex.com/akuse/0-yubi.php,https://draquex.com/akuse/akuse-yubi-6.php,2026-03-12 06:01:05,2026-03-12 06:01:05
91,accessory_yubi_12,聖印のゆびわ,Endure Ring,accessory,指アクセサリー,指,,死の攻撃に強い 聖なるチカラを 宿した指輪,"[""即死ガード+50%"", ""おしゃれさ+5"", ""しゅび力+2""]","[""即死ガード+5%"", ""即死ガード+10%"", ""しゅび力+1"", ""しゅび力+2""]","[""しにがみきぞく・強のレアドロ"", ""シャドーノーブルのレアドロ"", ""ゼブラマンティスのレアドロ"", ""ツンドラキーのレアドロ"", ""とこよアゲハのレアドロ"", ""銀のフェザーチップ2枚"", ""すごろくの報酬""]",https://draquex.com/akuse/../assets/img-akuse/akuse-yubi-7.jpg,https://draquex.com/akuse/0-yubi.php,https://draquex.com/akuse/akuse-yubi-7.php,2026-03-12 06:01:07,2026-03-12 06:01:07
92,accessory_yubi_13,はくあいのゆびわ,Care Ring,accessory,指アクセサリー,指,,最大MPが増え 特技封じや 魔封じに強い指輪,"[""封印ガード+50%"", ""さいだいMP+5"", ""しゅび力+2"", ""おしゃれさ+5""]","[""封印ガード+5%"", ""封印ガード+10%"", ""しゅび力+1"", ""しゅび力+2""]","[""キングエレファントのレアドロ"", ""スマイルリザードのレアドロ"", ""リトルライバーンのレアドロ"", ""銀のフェザーチップ2枚"", ""すごろくの報酬""]",https://draquex.com/akuse/../assets/img-akuse/akuse-yubi-8.jpg,https://draquex.com/akuse/0-yubi.php,https://draquex.com/akuse/akuse-yubi-8.php,2026-03-12 06:01:10,2026-03-12 06:01:10
93,accessory_yubi_14,めざましリング,Rousing Ring,accessory,指アクセサリー,指,,ねむりの攻撃に 強くなる 不思議な指輪,"[""眠りガード+50%"", ""おしゃれさ+3"", ""しゅび力+2""]","[""眠りガード+5%"", ""眠りガード+10%"", ""しゅび力+1"", ""しゅび力+2""]","[""おばけキノコのレアドロ"", ""ゴールデンコーンのレアドロ"", ""サンダーフロッグのレアドロ"", ""デスマーキュリーのレアドロ"", ""銀のフェザーチップ2枚"", ""すごろくの報酬""]",https://draquex.com/akuse/../assets/img-akuse/akuse-yubi-9.jpg,https://draquex.com/akuse/0-yubi.php,https://draquex.com/akuse/akuse-yubi-9.php,2026-03-12 06:01:12,2026-03-12 06:01:12
94,accessory_yubi_15,破毒のリング,Ring of Immunity,accessory,指アクセサリー,指,,毒の攻撃に 強くなる へびを模した指輪,"[""どくガード+50%"", ""おしゃれさ+3"", ""しゅび力+2""]","[""毒＆猛毒ガード+5%"", ""毒＆猛毒ガード+10%"", ""しゅび力+1"", ""しゅび力+2""]","[""スカラベキングのレアドロ"", ""ヒョウモンダークのレアドロ"", ""銀のフェザーチップ2枚"", ""すごろくの報酬""]",https://draquex.com/akuse/../assets/img-akuse/akuse-yubi-10.jpg,https://draquex.com/akuse/0-yubi.php,https://draquex.com/akuse/akuse-yubi-10.php,2026-03-12 06:01:14,2026-03-12 06:01:14
95,accessory_yubi_16,理性のリング,Ring of Clarity,accessory,指アクセサリー,指,,混乱の攻撃に 強くなる 魔法の指輪,"[""混乱ガード+50%"", ""おしゃれさ+3"", ""しゅび力+2""]","[""混乱ガード+5%"", ""混乱ガード+10%"", ""しゅび力+1"", ""しゅび力+2""]","[""アルケミストンのレアドロ"", ""ドルイドのレアドロ"", ""マッドレインボーのレアドロ"", ""よろいのきしのレアドロ"", ""銀のフェザーチップ2枚"", ""すごろくの報酬""]",https://draquex.com/akuse/../assets/img-akuse/akuse-yubi-11.jpg,https://draquex.com/akuse/0-yubi.php,https://draquex.com/akuse/akuse-yubi-11.php,2026-03-12 06:01:17,2026-03-12 06:01:17
96,accessory_yubi_17,破幻のリング,Ring of Truth,accessory,指アクセサリー,指,,幻惑の攻撃に 強くなる 奇妙な装飾の指輪,"[""幻惑ガード+50％"", ""おしゃれさ+3"", ""しゅび力+2""]","[""幻惑ガード+5%"", ""幻惑ガード+10%"", ""しゅび力+1"", ""しゅび力+2""]","[""エビルホークのレアドロ"", ""スーパーテンツクのレアドロ"", ""ダークプラネットのレアドロ"", ""デザートデーモンのレアドロ"", ""プロメテモスのレアドロ"", ""モテモテのレアドロ"", ""銀のフェザーチップ2枚"", ""すごろくの報酬""]",https://draquex.com/akuse/../assets/img-akuse/akuse-yubi-12.jpg,https://draquex.com/akuse/0-yubi.php,https://draquex.com/akuse/akuse-yubi-12.php,2026-03-12 06:01:19,2026-03-12 06:01:19
97,accessory_yubi_18,破呪のリング,Ring of Riddance,accessory,指アクセサリー,指,,呪いの攻撃に 強くなる 聖なる指輪,"[""呪いガード+50%"", ""おしゃれさ+3"", ""しゅび力+2""]","[""呪いガード+5%"", ""呪いガード10%"", ""しゅび力+1"", ""しゅび力+2""]","[""アスラ王のレアドロ"", ""ダークシルフのレアドロ"", ""ブロンドボーイのレアドロ"", ""ろうごくのぬしのレアドロ"", ""銀のフェザーチップ2枚"", ""すごろくの報酬""]",https://draquex.com/akuse/../assets/img-akuse/akuse-yubi-13.jpg,https://draquex.com/akuse/0-yubi.php,https://draquex.com/akuse/akuse-yubi-13.php,2026-03-12 06:01:21,2026-03-12 06:01:21
98,accessory_yubi_19,まんげつリング,Full Moon Ring,accessory,指アクセサリー,指,,マヒの攻撃に 強くなる 清らかな指輪,"[""マヒガード+50%"", ""おしゃれさ+3"", ""しゅび力+2""]","[""マヒガード+5%"", ""マヒガード+10%"", ""しゅび力+1"", ""しゅび力+2""]","[""なげきムーンのレアドロ"", ""ヘルゴーストのレアドロ"", ""ムーンキメラのレアドロ"", ""銀のフェザーチップ2枚"", ""すごろくの報酬""]",https://draquex.com/akuse/../assets/img-akuse/akuse-yubi-14.jpg,https://draquex.com/akuse/0-yubi.php,https://draquex.com/akuse/akuse-yubi-14.php,2026-03-12 06:01:23,2026-03-12 06:01:23
99,accessory_yubi_20,はやてのリング,Agility Ring,accessory,指アクセサリー,指,,すばやさを高める 鳥をかたどった 魔法の指輪,"[""すばやさ+6"", ""おしゃれさ+4"", ""しゅび力+2""]","[""しゅび力+1"", ""しゅび力+2"", ""すばやさ+1"", ""すばやさ+2"", ""すばやさ+3""]","[""ベルフェゴルのレアドロ""]",https://draquex.com/akuse/../assets/img-akuse/akuse-yubi-15.jpg,https://draquex.com/akuse/0-yubi.php,https://draquex.com/akuse/akuse-yubi-15.php,2026-03-12 06:01:25,2026-03-12 06:01:25
100,accessory_yubi_21,ピンクパールリング,Pink Pearl Ring,accessory,指アクセサリー,指,,最大MPを高める ピンクの真珠を あしらった指輪,"[""さいだいMP+2"", ""おしゃれさ+5"", ""しゅび力+2""]","[""さいだいMP+1"", ""さいだいMP+2"", ""しゅび力+1"", ""しゅび力+2"", ""おしゃれさ+3"", ""おしゃれさ+5""]","[""ウィッチネイルのレアドロ"", ""ピンクボンボンのレアドロ"", ""ももいろ三姉妹のレアドロ""]",https://draquex.com/akuse/../assets/img-akuse/akuse-yubi-16.jpg,https://draquex.com/akuse/0-yubi.php,https://draquex.com/akuse/akuse-yubi-16.php,2026-03-12 06:01:27,2026-03-12 06:01:27
101,accessory_yubi_22,きんのゆびわ,Gold Ring,accessory,指アクセサリー,指,,守備力を高める 黄金の指輪,"[""しゅび力+2"", ""おしゃれさ+2""]","[""おもさ+1"", ""しゅび力+1"", ""すばやさ+1"", ""きようさ+1"", ""おしゃれさ+1""]","[""ゴールドオークのレアドロ"", ""ごろつきのレアドロ"", ""ひとくいばこのレアドロ"", ""ヴェリのアクセ屋4000G""]",https://draquex.com/akuse/../assets/img-akuse/akuse-yubi-18.jpg,https://draquex.com/akuse/0-yubi.php,https://draquex.com/akuse/akuse-yubi-18.php,2026-03-12 06:01:29,2026-03-12 06:01:29
102,accessory_yubi_23,ゴージャスなゆびわ,Gorgeous Ring,accessory,指アクセサリー,指,,宝石をふんだんに あしらった ド派手な指輪,"[""しゅび力+4"", ""さいだいMP+2"", ""おしゃれさ+4""]","[""合成できない""]","[""ヴェリのアクセ屋5000G""]",https://draquex.com/akuse/../assets/img-akuse/akuse-yubi-20.jpg,https://draquex.com/akuse/0-yubi.php,https://draquex.com/akuse/akuse-yubi-20.php,2026-03-12 06:01:31,2026-03-12 06:01:31
103,accessory_mune_1,アヌビスのブローチ,Anubis' Brooch,accessory,胸アクセサリー,胸,,最大HPと 最大MPがあがる 冥界神のブローチ,"[""さいだいHP+8"", ""さいだいMP+8"", ""おしゃれさ+2""]","[""さいだいHP+3"", ""さいだいHP+4"", ""さいだいMP+3"", ""さいだいMP+4""]","[""ピラミッドで入手""]",https://draquex.com/akuse/../assets/img-akuse/akuse-mune-1.jpg,https://draquex.com/akuse/0-mune.php,https://draquex.com/akuse/akuse-mune-1.php,2026-03-12 06:02:20,2026-03-12 06:02:20
104,accessory_mune_2,セトのブローチ,Set's Brooch,accessory,胸アクセサリー,胸,,攻撃力と 最大MPがあがる 嵐神のブローチ,"[""さいだいMP+8"", ""こうげき力+5"", ""おしゃれさ+2""]","[""さいだいMP+3"", ""さいだいMP+4"", ""こうげき力+2"", ""こうげき力+3""]","[""ピラミッドで入手""]",https://draquex.com/akuse/../assets/img-akuse/akuse-mune-2.jpg,https://draquex.com/akuse/0-mune.php,https://draquex.com/akuse/akuse-mune-2.php,2026-03-12 06:02:21,2026-03-12 06:02:21
105,accessory_mune_3,セルケトのブローチ,Serket's Brooch,accessory,胸アクセサリー,胸,,攻撃魔力と 最大HPがあがる 虫神のブローチ,"[""さいだいHP+6"", ""こうげき魔力+10"", ""おしゃれさ+2""]","[""さいだいHP+2"", ""さいだいHP+3"", ""こうげき魔力+4"", ""こうげき魔力+5""]","[""ピラミッドで入手""]",https://draquex.com/akuse/../assets/img-akuse/akuse-mune-3.jpg,https://draquex.com/akuse/0-mune.php,https://draquex.com/akuse/akuse-mune-3.php,2026-03-12 06:02:24,2026-03-12 06:02:24
106,accessory_mune_4,イシスのブローチ,Isis' Brooch,accessory,胸アクセサリー,胸,,回復魔力と 最大HPがあがる 母神のブローチ,"[""さいだいHP+6"", ""かいふく魔力+10"", ""おしゃれさ+2""]","[""さいだいHP+2"", ""さいだいHP+3"", ""かいふく魔力+4"", ""かいふく魔力+5""]","[""ピラミッドで入手""]",https://draquex.com/akuse/../assets/img-akuse/akuse-mune-4.jpg,https://draquex.com/akuse/0-mune.php,https://draquex.com/akuse/akuse-mune-4.php,2026-03-12 06:02:26,2026-03-12 06:02:26
107,accessory_mune_5,オシリスのブローチ,Osiris' Brooch,accessory,胸アクセサリー,胸,,おもさと 最大MPがあがる 王神のブローチ,"[""さいだいMP+6"", ""おもさ+4"", ""おしゃれさ+2""]","[""さいだいMP+2"", ""さいだいMP+3"", ""しゅび力+3"", ""おもさ+2""]","[""ピラミッドで入手""]",https://draquex.com/akuse/../assets/img-akuse/akuse-mune-5.jpg,https://draquex.com/akuse/0-mune.php,https://draquex.com/akuse/akuse-mune-5.php,2026-03-12 06:02:28,2026-03-12 06:02:28
108,accessory_mune_6,バステトのブローチ,Bastet's Brooch,accessory,胸アクセサリー,胸,,おしゃれさと HPMPがあがる 猫神のブローチ,"[""さいだいHP+4"", ""さいだいMP+4"", ""おしゃれさ+8""]","[""さいだいHP+2"", ""さいだいMP+2"", ""おしゃれさ+3"", ""おしゃれさ+4""]","[""ピラミッドで入手""]",https://draquex.com/akuse/../assets/img-akuse/akuse-mune-6.jpg,https://draquex.com/akuse/0-mune.php,https://draquex.com/akuse/akuse-mune-6.php,2026-03-12 06:02:30,2026-03-12 06:02:30
109,accessory_mune_7,アヌビスのアンク,Anubis' Ankh,accessory,胸アクセサリー,胸,,最大HPと 最大MPがあがる 冥界神のアンク,"[""さいだいHP+10"", ""さいだいMP+10"", ""おしゃれさ+2""]","[""さいだいHP+3"", ""さいだいHP+4"", ""さいだいMP+3"", ""さいだいMP+4""]","[""ピラミッドで入手""]",https://draquex.com/akuse/../assets/img-akuse/akuse-mune-7.jpg,https://draquex.com/akuse/0-mune.php,https://draquex.com/akuse/akuse-mune-7.php,2026-03-12 06:02:32,2026-03-12 06:02:32
110,accessory_mune_8,セトのアンク,Set's Ankh,accessory,胸アクセサリー,胸,,攻撃力と 最大MPがあがる 嵐神のアンク,"[""さいだいMP+8"", ""こうげき力+7"", ""おしゃれさ+2""]","[""さいだいMP+3"", ""さいだいMP+4"", ""こうげき力+2"", ""こうげき力+3""]","[""ピラミッドで入手""]",https://draquex.com/akuse/../assets/img-akuse/akuse-mune-8.jpg,https://draquex.com/akuse/0-mune.php,https://draquex.com/akuse/akuse-mune-8.php,2026-03-12 06:02:34,2026-03-12 06:02:34
111,accessory_mune_9,セルケトのアンク,Serket's Ankh,accessory,胸アクセサリー,胸,,攻撃魔力と 最大HPがあがる 虫神のアンク,"[""さいだいHP+6"", ""こうげき魔力+13"", ""おしゃれさ+2""]","[""さいだいHP+2"", ""さいだいHP+3"", ""こうげき魔力+4"", ""こうげき魔力+5""]","[""ピラミッドで入手""]",https://draquex.com/akuse/../assets/img-akuse/akuse-mune-9.jpg,https://draquex.com/akuse/0-mune.php,https://draquex.com/akuse/akuse-mune-9.php,2026-03-12 06:02:36,2026-03-12 06:02:36
112,accessory_mune_10,イシスのアンク,Isis' Ankh,accessory,胸アクセサリー,胸,,回復魔力と 最大HPがあがる 母神のアンク,"[""さいだいHP+6"", ""かいふく魔力+13"", ""おしゃれさ+2""]","[""さいだいHP+2"", ""さいだいHP+3"", ""かいふく魔力+4"", ""かいふく魔力+5""]","[""ピラミッドで入手""]",https://draquex.com/akuse/../assets/img-akuse/akuse-mune-10.jpg,https://draquex.com/akuse/0-mune.php,https://draquex.com/akuse/akuse-mune-10.php,2026-03-12 06:02:39,2026-03-12 06:02:39
113,accessory_mune_11,オシリスのアンク,Osiris' Ankh,accessory,胸アクセサリー,胸,,おもさと 最大MPがあがる 王神のアンク,"[""さいだいMP+6"", ""おもさ+8"", ""おしゃれさ+2""]","[""さいだいMP+2"", ""さいだいMP+3"", ""しゅび力+3"", ""おもさ+2""]","[""ピラミッドで入手""]",https://draquex.com/akuse/../assets/img-akuse/akuse-mune-11.jpg,https://draquex.com/akuse/0-mune.php,https://draquex.com/akuse/akuse-mune-11.php,2026-03-12 06:02:42,2026-03-12 06:02:42
114,accessory_mune_12,バステトのアンク,Bastet's Ankh,accessory,胸アクセサリー,胸,,おしゃれさと HPMPがあがる 猫神のアンク,"[""さいだいHP+6"", ""さいだいMP+6"", ""おしゃれさ+14""]","[""さいだいHP+2"", ""さいだいMP+2"", ""おしゃれさ+3"", ""おしゃれさ+4""]","[""ピラミッドで入手""]",https://draquex.com/akuse/../assets/img-akuse/akuse-mune-12.jpg,https://draquex.com/akuse/0-mune.php,https://draquex.com/akuse/akuse-mune-12.php,2026-03-12 06:02:44,2026-03-12 06:02:44
115,accessory_koshi_1,ハイドラベルト,Loin-Girder,accessory,腰アクセサリー,腰,,ずっしりと重い 五つ首の怪物を 模したベルト,"[""開戦時50％でヘヴィチャージ"", ""さいだいHP+10"", ""おもさ+15"", ""おしゃれさ+1""]","[""さいだいHP+2"", ""さいだいHP+3"", ""おもさ+3"", ""おもさ+4""]","[""キングヒドラの討伐報酬"", ""銀のフェザーチップ4枚"", ""すごろくの報酬""]",https://draquex.com/akuse/../assets/img-akuse/akuse-kosi-1.jpg,https://draquex.com/akuse/0-kosi.php,https://draquex.com/akuse/akuse-kosi-1.php,2026-03-12 06:03:36,2026-03-12 06:03:36
116,accessory_koshi_2,剛勇のベルト,Bravery Belt,accessory,腰アクセサリー,腰,,ヘヴィチャージが かかりやすい 超重量級ベルト,"[""開戦時50%でヘヴィチャージ"", ""開戦時10%天使の守り(試合無効)"", ""さいだいHP+16"", ""おしゃれさ+1"", ""おもさ+23""]","[""さいだいHP+1"", ""さいだいHP+2"", ""さいだいHP+3"", ""こうげき力+2"", ""こうげき力+3"", ""こうげき力+4"", ""おもさ+1"", ""おもさ+2"", ""おもさ+3"", ""開戦時20%でヘヴィチャージ"", ""開戦時25％でヘヴィチャージ"", ""開戦時5％で天使の守り"", ""開戦時7％で天使の守り""]","[""ゴレオン将軍の討伐報酬""]",https://draquex.com/akuse/../assets/img-akuse/akuse-kosi-6.jpg,https://draquex.com/akuse/0-kosi.php,https://draquex.com/akuse/akuse-kosi-6.php,2026-03-12 06:03:38,2026-03-12 06:03:38
117,accessory_koshi_3,輝石のベルト,Augite Belt,accessory,腰アクセサリー,腰,,とりどりの宝石が さまざまな効果を 生み出すベルト,"[""おしゃれさ+3"", ""様々な効果がランダムで付いています""]","[""合成できない""]","[""王家の迷宮でうつしよの箱から出る""]",https://draquex.com/akuse/../assets/img-akuse/akuse-kosi-2.jpg,https://draquex.com/akuse/0-kosi.php,https://draquex.com/akuse/akuse-kosi-2.php,2026-03-12 06:03:41,2026-03-12 06:03:41
118,accessory_koshi_4,戦神のベルト,War Deity Belt,accessory,腰アクセサリー,腰,,荒ぶる戦神の ちからを秘めた 恐るべきベルト,"[""いろいろ""]","[""合成できない""]","[""邪神の宮殿のクリア報酬""]",https://draquex.com/akuse/../assets/img-akuse/akuse-kosi-3.jpg,https://draquex.com/akuse/0-kosi.php,https://draquex.com/akuse/akuse-kosi-3.php,2026-03-12 06:03:43,2026-03-12 06:03:43
119,accessory_koshi_5,隠者のベルト,Hermit's Belt,accessory,腰アクセサリー,腰,,気配を絶ち 不意をつく確率を 高めるベルト,"[""不意をつく確率+2%""]","[""不意をつく確率+1%"", ""さいだいHP+1"", ""さいだいHP+2"", ""さいだいMP+1"", ""さいだいMP+2"", ""しゅび力+1"", ""しゅび力+2""]","[""パンドラチェストのレアドロ""]",https://draquex.com/akuse/../assets/img-akuse/akuse-kosi-4.jpg,https://draquex.com/akuse/0-kosi.php,https://draquex.com/akuse/akuse-kosi-4.php,2026-03-12 06:03:45,2026-03-12 06:03:45
120,accessory_koshi_6,おしゃれなベルト,Bling-Bling Belt,accessory,腰アクセサリー,腰,,おしゃれさが 少し上がる 趣味のよいベルト,"[""なし""]","[""しゅび力+1"", ""すばやさ+1"", ""きようさ+1"", ""おしゃれさ+1"", ""おしゃれさ+2""]","[""プリーストナイトのレアドロ""]",https://draquex.com/akuse/../assets/img-akuse/akuse-kosi-5.jpg,https://draquex.com/akuse/0-kosi.php,https://draquex.com/akuse/akuse-kosi-5.php,2026-03-12 06:03:48,2026-03-12 06:03:48
121,accessory_fuda_1,しんぴのカード,Ace of Spoils,accessory,札アクセサリー,札,,パラメーター上昇の 効果が合成で付く 不思議なカード,"[""おしゃれさ+2""]","[""さいだいHP+2"", ""さいだいHP+4"", ""さいだいMP+2"", ""さいだいMP+4"", ""こうげき力+1"", ""こうげき力+2"", ""しゅび力+2"", ""しゅび力+4"", ""すばやさ+2"", ""すばやさ+4"", ""きようさ+2"", ""きようさ+4"", ""おしゃれさ+2"", ""おしゃれさ+4"", ""おもさ+1"", ""おもさ+2"", ""こうげき魔力+2"", ""こうげき魔力+4"", ""かいふく魔力+2"", ""かいふく魔力+4""]","[""カジノの景品(3000枚)""]",https://draquex.com/akuse/../assets/img-akuse/akuse-fuda-1.jpg,https://draquex.com/akuse/0-fuda.php,https://draquex.com/akuse/akuse-fuda-1.php,2026-03-12 06:04:42,2026-03-12 06:04:42
122,accessory_fuda_2,不思議のカード,Ace of Wonders,accessory,札アクセサリー,札,,大中小の魔法円が さまざまな効果を 生み出すカード,"[""-""]","[""さいだいHP+23"", ""さいだいMP+23"", ""こうげき力+13"", ""しゅび力+23"", ""すばやさ+23"", ""きようさ+23"", ""おしゃれ+23"", ""おもさ+13"", ""こうげき魔力+23"", ""かいふく魔力+23""]","[""不思議の魔塔でもらう""]",https://draquex.com/akuse/../assets/img-akuse/akuse-fuda-2.jpg,https://draquex.com/akuse/0-fuda.php,https://draquex.com/akuse/akuse-fuda-2.php,2026-03-12 06:04:45,2026-03-12 06:04:45
123,accessory_hoka_1,大地の竜玉,Earthwyrm's Eye,accessory,他アクセサリー,他,,大地の力を秘めた 最大HPを高める ドラゴンの宝玉,"[""さいだいHP+25"", ""しゅび力+5"", ""おしゃれさ+8""]","[""さいだいHP+3"", ""さいだいHP+4"", ""さいだいHP+5""]","[""ドラゴンガイアの討伐報酬"", ""銀のフェザーチップ4枚"", ""すごろくの報酬""]",https://draquex.com/akuse/../assets/img-akuse/akuse-hoka-1.jpg,https://draquex.com/akuse/0-hoka.php,https://draquex.com/akuse/akuse-hoka-1.php,2026-03-12 06:05:46,2026-03-12 06:05:46
124,accessory_hoka_2,大地の大竜玉,Earthwyrm's Jewel,accessory,他アクセサリー,他,,土竜族に伝わる 最大HPが高まる 門外不出の秘宝,"[""さいだいHP+30"", ""しゅび力+8"", ""おしゃれさ+8""]","[""さいだいHP+3"", ""さいだいHP+4"", ""さいだいHP+5""]","[""ドン・モグーラの討伐報酬"", ""銀のフェザーチップ12枚"", ""アスフェルド光章20個"", ""すごろくの報酬""]",https://draquex.com/akuse/../assets/img-akuse/akuse-hoka-2.jpg,https://draquex.com/akuse/0-hoka.php,https://draquex.com/akuse/akuse-hoka-2.php,2026-03-12 06:05:48,2026-03-12 06:05:48
125,accessory_hoka_3,紫竜の煌玉,Dragonic Orb,accessory,他アクセサリー,他,,最大HPが 大きく高まる 竜たちの至宝,"[""さいだいHP+50"", ""しゅび力+12"", ""おしゃれさ+8""]","[""さいだいHP+1"", ""さいだいHP+2"", ""さいだいHP+3"", ""さいだいHP+4"", ""さいだいHP+5""]","[""アンドレアルの討伐報酬""]",https://draquex.com/akuse/../assets/img-akuse/akuse-hoka-14.jpg,https://draquex.com/akuse/0-hoka.php,https://draquex.com/akuse/akuse-hoka-14.php,2026-03-12 06:05:50,2026-03-12 06:05:50
126,accessory_hoka_4,幸運のおまもり,Good Luck Charm,accessory,他アクセサリー,他,,幸運をよびよせ レアドロップ率を 高めるおまもり,"[""レアドロップ率1.1倍"", ""おしゃれさ+2""]","[""レアドロップ率1.1倍"", ""きようさ+1""]","[""カジノの景品(30万枚)"", ""おみくじボックス(超大吉)"", ""すごろくの報酬""]",https://draquex.com/akuse/../assets/img-akuse/akuse-hoka-13.jpg,https://draquex.com/akuse/0-hoka.php,https://draquex.com/akuse/akuse-hoka-13.php,2026-03-12 06:05:52,2026-03-12 06:05:52
127,accessory_hoka_5,ビーナスのなみだ,Venus' Tear,accessory,他アクセサリー,他,,風や雷の 攻撃に強くなる 青く美しい宝石,"[""風ダメージ20%減"", ""雷ダメージ20%減"", ""おしゃれさ+25"", ""しゅび力+2""]","[""風ダメージ3%減"", ""雷ダメージ3%減"", ""さいだいHP+2"", ""おしゃれさ+4""]","[""アモデウスのレアドロ"", ""カーディナルナイトのレアドロ"", ""ジラフシスターのレアドロ"", ""銀のフェザーチップ2枚"", ""すごろくの報酬""]",https://draquex.com/akuse/../assets/img-akuse/akuse-hoka-6.jpg,https://draquex.com/akuse/0-hoka.php,https://draquex.com/akuse/akuse-hoka-6.php,2026-03-12 06:05:54,2026-03-12 06:05:54
128,accessory_hoka_6,風雷のいんろう,Thunderstorm Inro,accessory,他アクセサリー,他,,風や雷の 攻撃に強くなる 古風ないんろう,"[""風ダメージ26%減"", ""雷ダメージ26%減"", ""おしゃれさ+35"", ""しゅび力+5""]","[""HPとすばやさ+3"", ""HPとすばやさ+4"", ""HPときようさ+3"", ""HPときようさ+4"", ""HPとおもさ+2"", ""HPとおもさ+3"", ""こうげき力+2"", ""こうげき力+3"", ""すばやさときようさ+4"", ""すばやさときようさ+5""]","[""輪王ザルトラの討伐報酬"", ""銀のフェザーチップ12枚"", ""アスフェルド光章2個(1回のみ)"", ""アスフェルド大光章2個(1回のみ)"", ""すごろくの報酬""]",https://draquex.com/akuse/../assets/img-akuse/akuse-hoka-3.jpg,https://draquex.com/akuse/0-hoka.php,https://draquex.com/akuse/akuse-hoka-3.php,2026-03-12 06:05:57,2026-03-12 06:05:57
129,accessory_hoka_7,竜のおまもり,Lucky Dragon's Wing,accessory,他アクセサリー,他,,炎や光の攻撃に 強くなる 武骨なお守り,"[""炎ダメージ20%減"", ""光ダメージ20%減"", ""おしゃれさ+8"", ""しゅび力+5""]","[""炎ダメージ3%減"", ""光ダメージ3%減"", ""さいだいHP+2"", ""おしゃれさ+4""]","[""アックスドラゴンのレアドロ"", ""ガメゴンレジェンドのレアドロ"", ""ドラゴメタルのレアドロ"", ""ファンキードラゴのレアドロ"", ""銀のフェザーチップ2枚"", ""すごろくの報酬""]",https://draquex.com/akuse/../assets/img-akuse/akuse-hoka-7.jpg,https://draquex.com/akuse/0-hoka.php,https://draquex.com/akuse/akuse-hoka-7.php,2026-03-12 06:05:59,2026-03-12 06:05:59
130,accessory_hoka_8,炎光の勾玉,Firelight Jewel,accessory,他アクセサリー,他,,炎や光の攻撃に 強くなる 守りの勾玉,"[""炎ダメージ26%減"", ""光ダメージ26%減"", ""おしゃれさ+35"", ""しゅび力+5""]","[""HPとすばやさ+3"", ""HPとすばやさ+4"", ""HPときようさ+3"", ""HPときようさ+4"", ""HPとおもさ+2"", ""HPとおもさ+3"", ""こうげき力+2"", ""こうげき力+3"", ""すばやさときようさ+4"", ""すばやさときようさ+5""]","[""震王ジュノーガの討伐報酬"", ""銀のフェザーチップ12枚"", ""アスフェルド光章2個(1回のみ)"", ""アスフェルド大光章2個(1回のみ)"", ""すごろくの報酬""]",https://draquex.com/akuse/../assets/img-akuse/akuse-hoka-4.jpg,https://draquex.com/akuse/0-hoka.php,https://draquex.com/akuse/akuse-hoka-4.php,2026-03-12 06:06:02,2026-03-12 06:06:02
131,accessory_hoka_9,ロイヤルチャーム,Sovereign Seal,accessory,他アクセサリー,他,,氷や闇の攻撃に 強くなる 由緒あるチャーム,"[""氷ダメージ20%減"", ""闇ダメージ20%減"", ""しゅび力+3"", ""おしゃれさ+10""]","[""氷ダメージ3%減"", ""闇ダメージ3%減"", ""さいだいHP+2"", ""おしゃれさ+4""]","[""しにがみのきしのレアドロ"", ""シュバルツシュルトのレアドロ"", ""ブリザードマンのレアドロ"", ""銀のフェザーチップ2枚"", ""すごろくの報酬""]",https://draquex.com/akuse/../assets/img-akuse/akuse-hoka-8.jpg,https://draquex.com/akuse/0-hoka.php,https://draquex.com/akuse/akuse-hoka-8.php,2026-03-12 06:06:08,2026-03-12 06:06:08
132,accessory_hoka_10,氷闇の月飾り,Icy Dark Moon,accessory,他アクセサリー,他,,氷や闇の 攻撃に強くなる 神秘的な月飾り,"[""氷ダメージ26%減"", ""闇ダメージ26%減"", ""おしゃれさ+35"", ""しゅび力+5""]","[""HPとすばやさ+3"", ""HPとすばやさ+4"", ""HPときようさ+3"", ""HPときようさ+4"", ""HPとおもさ+2"", ""HPとおもさ+3"", ""こうげき力+2"", ""こうげき力+3"", ""すばやさときようさ+4"", ""すばやさときようさ+5""]","[""剣王ガルドリオンの討伐報酬"", ""銀のフェザーチップ12枚"", ""アスフェルド光章2個(1回のみ)"", ""アスフェルド大光章2個(1回のみ)"", ""すごろくの報酬""]",https://draquex.com/akuse/../assets/img-akuse/akuse-hoka-5.jpg,https://draquex.com/akuse/0-hoka.php,https://draquex.com/akuse/akuse-hoka-5.php,2026-03-12 06:06:11,2026-03-12 06:06:11
133,accessory_hoka_11,パワーチャーム,Titan Belt,accessory,他アクセサリー,他,,攻撃力を高める マッチョなかざり,"[""こうげき力+5"", ""おしゃれさ+4""]","[""さいだいHP+1"", ""さいだいHP+2"", ""こうげき力+1"", ""こうげき力+2"", ""こうげき力+3""]","[""小さなメダル20枚で交換""]",https://draquex.com/akuse/../assets/img-akuse/akuse-hoka-9.jpg,https://draquex.com/akuse/0-hoka.php,https://draquex.com/akuse/akuse-hoka-9.php,2026-03-12 06:06:13,2026-03-12 06:06:13
134,accessory_hoka_12,うさぎのおまもり,Bunny Tail,accessory,他アクセサリー,他,,すばやさを高める うさぎの毛で 作られたお守り,"[""すばやさ+2"", ""おしゃれさ+2""]","[""さいだいHP+1"", ""さいだいHP+2"", ""さいだいMP+1"", ""さいだいMP+2"", ""しゅび力+1"", ""しゅび力+2"", ""すばやさ+1"", ""すばやさ+2"", ""すばやさ+3"", ""すばやさ+4"", ""おしゃれさ+1"", ""おしゃれさ+2""]","[""アルミラージのレアドロ""]",https://draquex.com/akuse/../assets/img-akuse/akuse-hoka-10.jpg,https://draquex.com/akuse/0-hoka.php,https://draquex.com/akuse/akuse-hoka-10.php,2026-03-12 06:06:16,2026-03-12 06:06:16
135,accessory_hoka_13,ひきよせのすず,Beckoning Bell,accessory,他アクセサリー,他,,戦闘時に敵から 狙われやすくなる やっかいな鈴,"[""戦いで魔物にねらわれやすくなる"", ""おしゃれさ+3""]","[""さいだいHP+1"", ""さいだいHP+2"", ""こうげき力+1"", ""こうげき力+2"", ""おしゃれさ+1"", ""おしゃれさ+2"", ""おしゃれさ+3"", ""おしゃれさ+4""]","[""小さなメダル15枚で交換""]",https://draquex.com/akuse/../assets/img-akuse/akuse-hoka-11.jpg,https://draquex.com/akuse/0-hoka.php,https://draquex.com/akuse/akuse-hoka-11.php,2026-03-12 06:06:18,2026-03-12 06:06:18
136,accessory_hoka_14,まよけのすず,Banishing Bell,accessory,他アクセサリー,他,,戦闘時に敵から 狙われにくくなる ありがたい鈴,"[""戦いで魔物にねらわれにくくなる"", ""おしゃれさ+3""]","[""さいだいHP+1"", ""さいだいHP+2"", ""こうげき力+1"", ""こうげき力+2"", ""おしゃれさ+1"", ""おしゃれさ+2"", ""おしゃれさ+3"", ""おしゃれさ+4""]","[""小さなメダル15枚で交換""]",https://draquex.com/akuse/../assets/img-akuse/akuse-hoka-12.jpg,https://draquex.com/akuse/0-hoka.php,https://draquex.com/akuse/akuse-hoka-12.php,2026-03-12 06:06:21,2026-03-12 06:06:21
137,accessory_monsyou_1,ハルファスの紋章,Halphas Crest,accessory,紋章,紋章,,攻撃力と 最大HPが上がる 魔神の紋章,"[""さいだいHP+10"", ""こうげき力+5""]","[""こうげき力とすばやさ+1"", ""こうげき力とすばやさ+2"", ""こうげき力とすばやさ+3"", ""こうげき力とすばやさ+4"", ""こうげき力とすばやさ+5"", ""こうげき力ときようさ+1"", ""こうげき力ときようさ+2"", ""こうげき力ときようさ+3"", ""こうげき力ときようさ+4"", ""こうげき力ときようさ+5"", ""こうげき力としゅび力+1"", ""こうげき力としゅび力+2"", ""こうげき力としゅび力+3"", ""こうげき力としゅび力+4"", ""こうげき力としゅび力+5""]","[""万魔の塔の報酬""]",https://draquex.com/akuse/../assets/img-akuse/akuse-monsyou-2.jpg,https://draquex.com/akuse/0-monsyou.php,https://draquex.com/akuse/akuse-monsyou-2.php,2026-03-12 06:07:14,2026-03-12 06:07:14
138,accessory_monsyou_2,ハルファスの大紋章,Halphas Sigil,accessory,紋章,紋章,,攻撃力と 最大HPが上がる 魔神の大紋章,"[""さいだいHP+10"", ""こうげき力+5"", ""しゅび力+5"", ""すばやさ+5"", ""きようさ+5""]","[""こうげき力とすばやさ+3"", ""こうげき力とすばやさ+4"", ""こうげき力とすばやさ+5"", ""こうげき力ときようさ+3"", ""こうげき力ときようさ+4"", ""こうげき力ときようさ+5"", ""こうげき力としゅび力+3"", ""こうげき力としゅび力+4"", ""こうげき力としゅび力+5""]","[""万魔の塔の報酬""]",https://draquex.com/akuse/../assets/img-akuse/akuse-monsyou-7.jpg,https://draquex.com/akuse/0-monsyou.php,https://draquex.com/akuse/akuse-monsyou-7.php,2026-03-12 06:07:16,2026-03-12 06:07:16
139,accessory_monsyou_3,アガレスの紋章,Agares Crest,accessory,紋章,紋章,,攻撃魔力と 最大HPが上がる 魔神の紋章,"[""さいだいHP+10"", ""こうげき魔力+5""]","[""こうげき魔力とすばやさ+1"", ""こうげき魔力とすばやさ+2"", ""こうげき魔力とすばやさ+3"", ""こうげき魔力とすばやさ+4"", ""こうげき魔力とすばやさ+5"", ""こうげき魔力ときようさ+1"", ""こうげき魔力ときようさ+2"", ""こうげき魔力ときようさ+3"", ""こうげき魔力ときようさ+4"", ""こうげき魔力ときようさ+5"", ""こうげき魔力としゅび力+1"", ""こうげき魔力としゅび力+2"", ""こうげき魔力としゅび力+3"", ""こうげき魔力としゅび力+4"", ""こうげき魔力としゅび力+5""]","[""万魔の塔の報酬""]",https://draquex.com/akuse/../assets/img-akuse/akuse-monsyou-3.jpg,https://draquex.com/akuse/0-monsyou.php,https://draquex.com/akuse/akuse-monsyou-3.php,2026-03-12 06:07:18,2026-03-12 06:07:18
140,accessory_monsyou_4,アガレスの大紋章,Agares Sigil,accessory,紋章,紋章,,攻撃魔力と 最大HPが上がる 魔神の大紋章,"[""さいだいHP+10"", ""こうげき魔力+5"", ""しゅび力+5"", ""すばやさ+5"", ""きようさ+5""]","[""こうげき魔力とすばやさ+3"", ""こうげき魔力とすばやさ+4"", ""こうげき魔力とすばやさ+5"", ""こうげき魔力ときようさ+3"", ""こうげき魔力ときようさ+4"", ""こうげき魔力ときようさ+5"", ""こうげき魔力としゅび力+3"", ""こうげき魔力としゅび力+4"", ""こうげき魔力としゅび力+5""]","[""万魔の塔の報酬""]",https://draquex.com/akuse/../assets/img-akuse/akuse-monsyou-8.jpg,https://draquex.com/akuse/0-monsyou.php,https://draquex.com/akuse/akuse-monsyou-8.php,2026-03-12 06:07:21,2026-03-20 11:40:39
141,accessory_monsyou_5,ブエルの紋章,Buer Crest,accessory,紋章,紋章,,回復魔力と 最大HPが上がる 魔神の紋章,"[""さいだいHP+10"", ""かいふく魔力+5""]","[""かいふく魔力とすばやさ+1"", ""かいふく魔力とすばやさ+2"", ""かいふく魔力とすばやさ+3"", ""かいふく魔力とすばやさ+4"", ""かいふく魔力とすばやさ+5"", ""かいふく魔力ときようさ+1"", ""かいふく魔力ときようさ+2"", ""かいふく魔力ときようさ+3"", ""かいふく魔力ときようさ+4"", ""かいふく魔力ときようさ+5"", ""かいふく魔力としゅび力+1"", ""かいふく魔力としゅび力+2"", ""かいふく魔力としゅび力+3"", ""かいふく魔力としゅび力+4"", ""かいふく魔力としゅび力+5""]","[""万魔の塔の報酬""]",https://draquex.com/akuse/../assets/img-akuse/akuse-monsyou-4.jpg,https://draquex.com/akuse/0-monsyou.php,https://draquex.com/akuse/akuse-monsyou-4.php,2026-03-12 06:07:23,2026-03-12 06:07:23
142,accessory_monsyou_6,ブエルの大紋章,Buer Sigil,accessory,紋章,紋章,,回復魔力と 最大HPが上がる 魔神の大紋章,"[""さいだいHP+10"", ""かいふく魔力+5"", ""しゅび力+5"", ""すばやさ+5"", ""きようさ+5""]","[""かいふく魔力とすばやさ+3"", ""かいふく魔力とすばやさ+4"", ""かいふく魔力とすばやさ+5"", ""かいふく魔力ときようさ+3"", ""かいふく魔力ときようさ+4"", ""かいふく魔力ときようさ+5"", ""かいふく魔力としゅび力+3"", ""かいふく魔力としゅび力+4"", ""かいふく魔力としゅび力+5""]","[""万魔の塔の報酬""]",https://draquex.com/akuse/../assets/img-akuse/akuse-monsyou-9.jpg,https://draquex.com/akuse/0-monsyou.php,https://draquex.com/akuse/akuse-monsyou-9.php,2026-03-12 06:07:26,2026-03-12 06:07:26
143,accessory_monsyou_7,アモンの紋章,Amon Crest,accessory,紋章,紋章,,おもさと 最大HPが上がる 魔神の紋章,"[""さいだいHP+10"", ""おもさ+3"", ""しゅび力+5"", ""すばやさ+5"", ""きようさ+5""]","[""おもさとすばやさ+1"", ""おもさとすばやさ+2"", ""おもさとすばやさ+3"", ""おもさとすばやさ+4"", ""おもさとすばやさ+5"", ""おもさときようさ+1"", ""おもさときようさ+2"", ""おもさときようさ+3"", ""おもさときようさ+4"", ""おもさときようさ+5"", ""おもさとしゅび力+1"", ""おもさとしゅび力+2"", ""おもさとしゅび力+3"", ""おもさとしゅび力+4"", ""おもさとしゅび力+5""]","[""万魔の塔の報酬""]",https://draquex.com/akuse/../assets/img-akuse/akuse-monsyou-6.jpg,https://draquex.com/akuse/0-monsyou.php,https://draquex.com/akuse/akuse-monsyou-6.php,2026-03-12 06:07:28,2026-03-12 06:07:28
144,accessory_monsyou_8,アモンの大紋章,Amon Sigil,accessory,紋章,紋章,,おもさと 最大HPが上がる 魔神の大紋章,"[""さいだいHP+10"", ""おもさ+3"", ""しゅび力+5"", ""すばやさ+5"", ""きようさ+5""]","[""おもさとすばやさ+3"", ""おもさとすばやさ+4"", ""おもさとすばやさ+5"", ""おもさときようさ+3"", ""おもさときようさ+4"", ""おもさときようさ+5"", ""おもさとしゅび力+3"", ""おもさとしゅび力+4"", ""おもさとしゅび力+5""]","[""万魔の塔の報酬""]",https://draquex.com/akuse/../assets/img-akuse/akuse-monsyou-11.jpg,https://draquex.com/akuse/0-monsyou.php,https://draquex.com/akuse/akuse-monsyou-11.php,2026-03-12 06:07:34,2026-03-12 06:07:34
145,accessory_monsyou_9,グレモリーの紋章,Gremory Crest,accessory,紋章,紋章,,おしゃれさと 最大HPが上がる 魔神の紋章,"[""さいだいHP+10"", ""おしゃれさ+3""]","[""おしゃれさとすばやさ+1"", ""おしゃれさとすばやさ+2"", ""おしゃれさとすばやさ+3"", ""おしゃれさとすばやさ+4"", ""おしゃれさとすばやさ+5"", ""おしゃれさときようさ+1"", ""おしゃれさときようさ+2"", ""おしゃれさときようさ+3"", ""おしゃれさときようさ+4"", ""おしゃれさときようさ+5"", ""おしゃれさとしゅび力+1"", ""おしゃれさとしゅび力+2"", ""おしゃれさとしゅび力+3"", ""おしゃれさとしゅび力+4"", ""おしゃれさとしゅび力+5""]","[""万魔の塔の報酬""]",https://draquex.com/akuse/../assets/img-akuse/akuse-monsyou-5.jpg,https://draquex.com/akuse/0-monsyou.php,https://draquex.com/akuse/akuse-monsyou-5.php,2026-03-12 06:07:38,2026-03-12 06:07:38
146,accessory_monsyou_10,グレモリーの大紋章,Gremory Sigil,accessory,紋章,紋章,,おしゃれさと 最大HPが上がる 魔神の大紋章,"[""さいだいHP+10"", ""おしゃれさ+3"", ""しゅび力+5"", ""すばやさ+5"", ""きようさ+5""]","[""おしゃれさとすばやさ+3"", ""おしゃれさとすばやさ+4"", ""おしゃれさとすばやさ+5"", ""おしゃれさときようさ+3"", ""おしゃれさときようさ+4"", ""おしゃれさときようさ+5"", ""おしゃれさとしゅび力+3"", ""おしゃれさとしゅび力+4"", ""おしゃれさとしゅび力+5""]","[""万魔の塔の報酬""]",https://draquex.com/akuse/../assets/img-akuse/akuse-monsyou-10.jpg,https://draquex.com/akuse/0-monsyou.php,https://draquex.com/akuse/akuse-monsyou-10.php,2026-03-12 06:07:40,2026-03-12 06:07:40
147,accessory_monsyou_11,はじまりの紋章,Origin Crest,accessory,紋章,紋章,,最大HPと 最大MPが上がる 紋章,"[""さいだいHP+1"", ""さいだいMP+1"", ""おしゃれさ+1""]","[""さいだいHP+1"", ""さいだいMP+1"", ""おしゃれさ+1""]","[""ヴェリのアクセ屋5000G""]",https://draquex.com/akuse/../assets/img-akuse/akuse-monsyou-1.jpg,https://draquex.com/akuse/0-monsyou.php,https://draquex.com/akuse/akuse-monsyou-1.php,2026-03-12 06:07:46,2026-03-12 06:07:46
148,accessory_akasi_1,魔人の勲章,Ruin's Medal,accessory,職業の証,証,,攻撃後まれに テンション上がる 重厚感のある勲章,"[""攻撃時2.0%でためる"", ""こうげき力+3"", ""おもさ+2"", ""しゅび力+5""]","[""攻撃時ためる+0.5%"", ""攻撃時ためる+1.0%"", ""おもさ+2"", ""きようさ+4""]","[""暗黒の魔人の討伐報酬"", ""銀のフェザーチップ4枚"", ""アスフェルド光章20個""]",https://draquex.com/akuse/../assets/img-akuse/akuse-akasi-1.jpg,https://draquex.com/akuse/0-akasi.php,https://draquex.com/akuse/akuse-akasi-1.php,2026-03-12 06:08:37,2026-03-12 06:08:37
149,accessory_akasi_2,夢幻魔王の勲章,Dread Fiend's Seal,accessory,職業の証,証,,攻撃時ためやすく テンション高いと ダメージ増す勲章,"[""攻撃時4.0%でためる"", ""テンション時魔物にダメージ+100"", ""こうげき力+5"", ""しゅび力+10"", ""きようさ+8"", ""おもさ+6""]","[""行動時1.0%テンション消費なし"", ""行動時1.5%テンション消費なし"", ""行動時2.0%テンション消費なし"", ""テンション時魔物にダメージ+10"", ""テンション時魔物にダメージ+20"", ""テンション時魔物にダメージ+30""]","[""ムドーの討伐報酬""]",https://draquex.com/akuse/../assets/img-akuse/akuse-akasi-26.jpg,https://draquex.com/akuse/0-akasi.php,https://draquex.com/akuse/akuse-akasi-26.php,2026-03-12 06:08:41,2026-03-12 06:08:41
150,accessory_akasi_3,忠義の勲章,Loyalty Medal,accessory,職業の証,証,,会心の一撃の ダメージが上がる 誉れ高い武人の証,"[""会心&呪文暴走追加ダメージ+30(試合無効)"", ""さいだいHP+4"", ""きようさ+10""]","[""会心率と暴走率+0.2%"", ""会心率と暴走率+0.5%"", ""さいだいHP+2"", ""さいだいHP+3"", ""きようさ+4"", ""きようさ+5""]","[""ギュメイ将軍の討伐報酬""]",https://draquex.com/akuse/../assets/img-akuse/akuse-akasi-2.jpg,https://draquex.com/akuse/0-akasi.php,https://draquex.com/akuse/akuse-akasi-2.php,2026-03-12 06:08:45,2026-03-12 06:08:45
151,accessory_akasi_4,ガナン帝国の勲章,Gittish Medal,accessory,職業の証,証,,会心と呪文暴走の ダメージが上がる ガナン帝国の証,"[""会心率と呪文暴走率+1.0%"", ""会心と暴走ダメージ+35(試合無効)"", ""こうげき力+5"", ""さいだいHP+10"", ""きようそ+20"", ""こうげき魔力+5""]","[""さいだいHP+1"", ""さいだいHP+2"", ""会心と暴走ダメージ+1"", ""会心と暴走ダメージ+3"", ""会心と暴走ダメージ+5""]","[""帝国三将軍の討伐報酬""]",https://draquex.com/akuse/../assets/img-akuse/akuse-akasi-24.jpg,https://draquex.com/akuse/0-akasi.php,https://draquex.com/akuse/akuse-akasi-24.php,2026-03-12 06:08:47,2026-03-12 06:08:47
152,accessory_akasi_5,邪教司祭の勲章,Magus Medal,accessory,職業の証,証,,会心と呪文暴走の ダメージが上がる 邪教の大司祭の証,"[""会心率と呪文暴走率+1.5%"", ""会心と暴走時魔物にダメージ+50"", ""こうげき力+5"", ""さいだいHP+19"", ""きようさ+25"", ""こうげき魔力+5""]","[""会心と暴走時魔物にダメージ+1"", ""会心と暴走時魔物にダメージ+3"", ""会心と暴走時魔物にダメージ+5"", ""会心と暴走時魔物にダメージ+7"", ""会心と暴走時魔物にダメージ+10""]","[""エビルプリーストの討伐報酬""]",https://draquex.com/akuse/../assets/img-akuse/akuse-akasi-29.jpg,https://draquex.com/akuse/0-akasi.php,https://draquex.com/akuse/akuse-akasi-29.php,2026-03-12 06:08:49,2026-03-12 06:08:49
153,accessory_akasi_6,絆のエンブレム,Bonding Emblem,accessory,職業の証,証,,主人との絆の証 仲間モンスター 専用のエンブレム,"[""なつき度により主人に絆の力発動"", ""絆時100%ためる""]","[""絆時30％で主人にバイシオン"", ""絆時30％で主人にスカラ"", ""絆時30％で主人に聖女の守り"", ""絆時30％で主人に弓聖の守り星"", ""絆時30％で主人にマホステ"", ""絆時30％で主人にまもりのきり"", ""絆時30％で主人のHP100回復"", ""絆時30％で主人のMP20回復""]","[""モンスターバトルロード景品（5000枚）""]",https://draquex.com/akuse/../assets/img-akuse/akuse-akasi-3.jpg,https://draquex.com/akuse/0-akasi.php,https://draquex.com/akuse/akuse-akasi-3.php,2026-03-12 06:08:52,2026-03-12 06:08:52
154,accessory_akasi_7,絆のエンブレム改,Uber Bonding Emblem,accessory,職業の証,証,,更に強い絆の証 仲間モンスター 専用のエンブレム,"[""なつき度により主人に絆の力発動"", ""絆時100%ためる""]","[""絆時50％で主人にバイキルト"", ""絆時50％で主人に2回スカラ"", ""絆時50％で主人に聖女の守り"", ""絆時50％で主人に聖なる祈り"", ""絆時50％で主人に弓聖の守り星"", ""絆時50％で主人に早詠みのつえ"", ""絆時50％で主人に魔力かくせい"", ""絆時50％で主人にマホステ"", ""絆時50％で主人にまもりのきり"", ""絆時50％で主人のHP100回復"", ""絆時50％で主人のMP20回復""]","[""モンスターバトルロード景品（10000枚）""]",https://draquex.com/akuse/../assets/img-akuse/akuse-akasi-4.jpg,https://draquex.com/akuse/0-akasi.php,https://draquex.com/akuse/akuse-akasi-4.php,2026-03-12 06:08:54,2026-03-12 06:08:54
155,accessory_akasi_8,戦士の証,Soldier's Medal,accessory,職業の証,証,,たまに 2回攻撃できる 戦士のメダル,"[""たまに2回攻撃できる"", ""たまに同じ特技を2回使う""]","[""合成できない""]","[""戦士の職業クエストを5話までクリアする""]",https://draquex.com/akuse/../assets/img-akuse/akuse-akasi-5.jpg,https://draquex.com/akuse/0-akasi.php,https://draquex.com/akuse/akuse-akasi-5.php,2026-03-12 06:08:57,2026-03-12 06:08:57
156,accessory_akasi_9,僧侶の証,Lifesaving Medal,accessory,職業の証,証,,死の寸前にたまに HP1で生き残る 僧侶のメダル,"[""たまにHP1で生き残る""]","[""合成できない""]","[""僧侶の職業クエストを5話までクリアする""]",https://draquex.com/akuse/../assets/img-akuse/akuse-akasi-6.jpg,https://draquex.com/akuse/0-akasi.php,https://draquex.com/akuse/akuse-akasi-6.php,2026-03-12 06:09:00,2026-03-12 06:09:00
157,accessory_akasi_10,魔法使いの証,Mager Achievement,accessory,職業の証,証,,たまに2回連続で 呪文を唱えられる 魔法使いのメダル,"[""たまに同じ呪文が2回唱えられる""]","[""合成できない""]","[""魔法使いの職業クエストを5話までクリアする""]",https://draquex.com/akuse/../assets/img-akuse/akuse-akasi-7.jpg,https://draquex.com/akuse/0-akasi.php,https://draquex.com/akuse/akuse-akasi-7.php,2026-03-12 06:09:03,2026-03-12 06:09:03
158,accessory_akasi_11,武闘家の証,Mercury Prize,accessory,職業の証,証,,攻撃を受けた際 たまにやり返す 武闘家のメダル,"[""たまに敵の攻撃を受けながし攻撃""]","[""合成できない""]","[""武闘家の職業クエストを5話までクリアする""]",https://draquex.com/akuse/../assets/img-akuse/akuse-akasi-8.jpg,https://draquex.com/akuse/0-akasi.php,https://draquex.com/akuse/akuse-akasi-8.php,2026-03-12 06:09:05,2026-03-12 06:09:05
159,accessory_akasi_12,盗賊の証,Honor Among Thieves,accessory,職業の証,証,,アイテムを自動で ぬすむことがある 盗賊のメダル,"[""たまにアイテムをぬすむ""]","[""合成できない""]","[""盗賊の職業クエストを5話までクリアする""]",https://draquex.com/akuse/../assets/img-akuse/akuse-akasi-9.jpg,https://draquex.com/akuse/0-akasi.php,https://draquex.com/akuse/akuse-akasi-9.php,2026-03-12 06:09:09,2026-03-12 06:09:09
160,accessory_akasi_13,旅芸人の証,Best Actor,accessory,職業の証,証,,獲得ゴールドが 多めに手に入る 旅芸人のメダル,"[""戦闘で獲得するゴールドが増える""]","[""合成できない""]","[""旅芸人の職業クエストを5話までクリアする""]",https://draquex.com/akuse/../assets/img-akuse/akuse-akasi-10.jpg,https://draquex.com/akuse/0-akasi.php,https://draquex.com/akuse/akuse-akasi-10.php,2026-03-12 06:09:21,2026-03-12 06:09:21
161,accessory_akasi_14,バトルマスターの証,Gladiator's Grant,accessory,職業の証,証,,攻撃を受けて時々 テンションが上がる バトマスのメダル,"[""たまにダメージを受けてテンションアップ""]","[""合成できない""]","[""バトルマスターの職業クエストを5話までクリアする""]",https://draquex.com/akuse/../assets/img-akuse/akuse-akasi-11.jpg,https://draquex.com/akuse/0-akasi.php,https://draquex.com/akuse/akuse-akasi-11.php,2026-03-12 06:09:23,2026-03-12 06:09:23
162,accessory_akasi_15,パラディンの証,Order of Chivalry,accessory,職業の証,証,,攻撃を防ぐと たまにマヒさせる パラディンメダル,"[""ガード時たまに相手をマヒさせる""]","[""合成できない""]","[""パラディンの職業クエストを5話までクリアする""]",https://draquex.com/akuse/../assets/img-akuse/akuse-akasi-12.jpg,https://draquex.com/akuse/0-akasi.php,https://draquex.com/akuse/akuse-akasi-12.php,2026-03-12 06:09:25,2026-03-12 06:09:25
163,accessory_akasi_16,魔法戦士の証,Combat Action Medal,accessory,職業の証,証,,攻撃すると 時々MP回復する 魔法戦士のメダル,"[""たまに攻撃時MP回復"", ""たまに攻撃時MP回復の回復量アップ""]","[""合成できない""]","[""魔法戦士の職業クエストを5話までクリアする""]",https://draquex.com/akuse/../assets/img-akuse/akuse-akasi-13.jpg,https://draquex.com/akuse/0-akasi.php,https://draquex.com/akuse/akuse-akasi-13.php,2026-03-12 06:09:27,2026-03-12 06:09:27
164,accessory_akasi_17,レンジャーの証,Medal of Freedom,accessory,職業の証,証,,不意をつく 確率が上がる レンジャーメダル,"[""不意をつく確率アップ""]","[""合成できない""]","[""レンジャーの職業クエストを5話までクリアする""]",https://draquex.com/akuse/../assets/img-akuse/akuse-akasi-14.jpg,https://draquex.com/akuse/0-akasi.php,https://draquex.com/akuse/akuse-akasi-14.php,2026-03-12 06:09:30,2026-03-12 06:09:30
165,accessory_akasi_18,賢者の証,Legion of Merit,accessory,職業の証,証,,呪文を受けた時 時々MP回復する 賢者のメダル,"[""呪文を受けた時たまにMP回復""]","[""合成できない""]","[""賢者の職業クエストを5話までクリアする""]",https://draquex.com/akuse/../assets/img-akuse/akuse-akasi-15.jpg,https://draquex.com/akuse/0-akasi.php,https://draquex.com/akuse/akuse-akasi-15.php,2026-03-12 06:09:37,2026-03-12 06:09:37
166,accessory_akasi_19,スーパースターの証,Noscar,accessory,職業の証,証,,お金を使う特技の 消費量と威力が 上昇するメダル,"[""ゴールド使う特技のゴールド消費量アップ"", ""ゴールドを使う特技の威力アップ""]","[""合成できない""]","[""スーパースターの職業クエストを5話までクリアする""]",https://draquex.com/akuse/../assets/img-akuse/akuse-akasi-16.jpg,https://draquex.com/akuse/0-akasi.php,https://draquex.com/akuse/akuse-akasi-16.php,2026-03-12 06:09:40,2026-03-12 06:09:40
167,accessory_akasi_20,まもの使いの証,Monster Medal,accessory,職業の証,証,,転生モンスターに 会いやすくなる まもの使いメダル,"[""転生モンスター出現率1.1倍""]","[""合成できない""]","[""まもの使いの職業クエストを5話までクリアする""]",https://draquex.com/akuse/../assets/img-akuse/akuse-akasi-17.jpg,https://draquex.com/akuse/0-akasi.php,https://draquex.com/akuse/akuse-akasi-17.php,2026-03-12 06:09:42,2026-03-12 06:09:42
168,accessory_akasi_21,どうぐ使いの証,Metal of Honor,accessory,職業の証,証,,メタルな魔物に 会いやすくなる どうぐ使いメダル,"[""メタル系モンスター出現率1.1倍""]","[""合成できない""]","[""どうぐ使いの職業クエストを5話までクリアする""]",https://draquex.com/akuse/../assets/img-akuse/akuse-akasi-18.jpg,https://draquex.com/akuse/0-akasi.php,https://draquex.com/akuse/akuse-akasi-18.php,2026-03-12 06:09:44,2026-03-12 06:09:44
169,accessory_akasi_22,踊り子の証,The Dance Award,accessory,職業の証,証,,バトル中まれに すぐ行動できる 踊り子のメダル,"[""1.0%で行動ターンを消費しない""]","[""合成できない""]","[""踊り子の職業クエストを5話までクリアする""]",https://draquex.com/akuse/../assets/img-akuse/akuse-akasi-19.jpg,https://draquex.com/akuse/0-akasi.php,https://draquex.com/akuse/akuse-akasi-19.php,2026-03-12 06:09:46,2026-03-12 06:09:46
170,accessory_akasi_23,占い師の証,Visionary Award,accessory,職業の証,証,,タロット使用時の テンション消費減 占い師のメダル,"[""タロットでたまにテンションを消費しない""]","[""合成できない""]","[""占い師の職業クエストを5話までクリアする""]",https://draquex.com/akuse/../assets/img-akuse/akuse-akasi-20.jpg,https://draquex.com/akuse/0-akasi.php,https://draquex.com/akuse/akuse-akasi-20.php,2026-03-12 06:09:49,2026-03-12 06:09:49
171,accessory_akasi_24,天地雷鳴士の証,Theurgy Trophy,accessory,職業の証,証,,まれにMPを 消費しない 天地雷鳴士メダル,"[""MP消費しない率+2.0%""]","[""合成できない""]","[""天地雷鳴士の職業クエストを5話までクリアする""]",https://draquex.com/akuse/../assets/img-akuse/akuse-akasi-21.jpg,https://draquex.com/akuse/0-akasi.php,https://draquex.com/akuse/akuse-akasi-21.php,2026-03-12 06:09:51,2026-03-12 06:09:51
172,accessory_akasi_25,遊び人の証,Comedy Prize,accessory,職業の証,証,,きまぐれが起こる 確率が上がる 遊び人のメダル,"[""きまぐれが起こる確率が上がる""]","[""合成できない""]","[""遊び人の職業クエストを5話までクリアする""]",https://draquex.com/akuse/../assets/img-akuse/akuse-akasi-23.jpg,https://draquex.com/akuse/0-akasi.php,https://draquex.com/akuse/akuse-akasi-23.php,2026-03-12 06:09:54,2026-03-12 06:09:54
173,accessory_akasi_26,デスマスターの証,Death Certificate,accessory,職業の証,証,,デスパワーを たまに消費しない デスマスのメダル,"[""デスパワーをたまに消費しない""]","[""合成できない""]","[""デスマスターの職業クエストを5話までクリアする""]",https://draquex.com/akuse/../assets/img-akuse/akuse-akasi-25.jpg,https://draquex.com/akuse/0-akasi.php,https://draquex.com/akuse/akuse-akasi-25.php,2026-03-12 06:09:56,2026-03-12 06:09:56
174,accessory_akasi_27,魔剣士の証,Devil's Advocate,accessory,職業の証,証,,魔の波動が ためやすくなる 魔剣士のメダル,"[""魔の波動がためやすくなる(試合無効)""]","[""合成できない""]","[""魔剣士の職業クエストを5話までクリアする""]",https://draquex.com/akuse/../assets/img-akuse/akuse-akasi-27.jpg,https://draquex.com/akuse/0-akasi.php,https://draquex.com/akuse/akuse-akasi-27.php,2026-03-12 06:09:59,2026-03-12 06:09:59
175,accessory_akasi_28,海賊の証,The Pirate's Code,accessory,職業の証,証,,銃撃時たまに テンションを保つ 海賊のメダル,"[""銃撃時たまにテンション維持(試合無効)""]","[""合成できない""]","[""海賊の職業クエストを5話までクリアする""]",https://draquex.com/akuse/../assets/img-akuse/akuse-akasi-28.jpg,https://draquex.com/akuse/0-akasi.php,https://draquex.com/akuse/akuse-akasi-28.php,2026-03-12 06:10:01,2026-03-12 06:10:01
176,accessory_akasi_29,ガーディアンの証,Protector's Pin,accessory,職業の証,証,,死の寸前にたまに HP1で生き残る 守護騎士のメダル,"[""たまにHP1で生き残る(試合無効)""]","[""合成できない""]","[""ガーディアンの職業クエストを5話までクリアする""]",https://draquex.com/akuse/../assets/img-akuse/akuse-akasi-30.jpg,https://draquex.com/akuse/0-akasi.php,https://draquex.com/akuse/akuse-akasi-30.php,2026-03-12 06:10:03,2026-03-12 06:10:03
177,accessory_akasi_30,竜術士の証,Dragon Breadth,accessory,職業の証,証,,呪文発動速度が わずかに上がる 竜術士のメダル,"[""呪文発動速度+1%""]","[""合成できない""]","[""竜術士の職業クエストを6話までクリアする""]",https://draquex.com/akuse/../assets/img-akuse/akuse-akasi-31.jpg,https://draquex.com/akuse/0-akasi.php,https://draquex.com/akuse/akuse-akasi-31.php,2026-03-12 06:10:06,2026-03-12 06:10:06
178,accessory_akasi_31,万能の証,Proof of All,accessory,職業の証,証,,今まで入手した どんな証にでも 変身できる証,"[""-""]","[""合成できない""]","[""娯楽島ラッカランのオーナーの館2階にいるまとめ屋タバネにもらう""]",https://draquex.com/akuse/../assets/img-akuse/akuse-akasi-22.jpg,https://draquex.com/akuse/0-akasi.php,https://draquex.com/akuse/akuse-akasi-22.php,2026-03-12 06:10:08,2026-03-12 06:10:08
179,accessory_kokoro_1,旅立ちのこころ,Heart of Departure,accessory,こころ,こころ,,お店で購入できる とりあえず 装備したいこころ,"[""さいだいHP+1"", ""さいだいMP+1""]",,,https://draquex.com/akuse/../assets/img-akuse/akuse-kokoro-1.jpg,https://draquex.com/akuse/0-kokoro.php,https://draquex.com/akuse/akuse-kokoro-1.php,2026-03-12 06:11:11,2026-03-12 06:11:11
181,hakaishin,破壊神の眼甲,Wrecking Wear,accessory,顔アクセサリー,顔,,"ドラゴンビートの
発動をうながす
まがまがしい仮面","[""さいだいHP+15"", ""しゅび力+20"", ""おしゃれさ+2"", ""敵を倒すと"", ""45%でためる""]","[""さいだいHP+2"", ""味方死亡時 2%で聖女の守り"", ""味方死亡時 1%で聖女の守り"", ""味方死亡時 2%でためる"", ""味方死亡時 1%でためる""]",[],,,,2026-03-15 06:18:20,2026-03-15 06:18:20
