id,continent_id,name,name_en,map_type,source_url,created_at,updated_at
1,3,コルット地方,,field,https://dq10.i-k-e.net/map/コルット地方,"2026-03-12 14:04:14","2026-03-20 11:32:05"
2,3,レーナム緑野,,field,https://dq10.i-k-e.net/map/レーナム緑野,"2026-03-12 14:04:16","2026-03-16 12:03:52"
3,3,シエラ巡礼地,,field,https://dq10.i-k-e.net/map/シエラ巡礼地,"2026-03-12 14:04:18","2026-03-16 12:04:03"
4,3,地底湖の洞くつ,,dungeon,https://dq10.i-k-e.net/map/地底湖の洞くつ,"2026-03-12 14:04:20","2026-03-16 12:04:15"
5,3,浜辺の洞くつ,,dungeon,https://dq10.i-k-e.net/map/浜辺の洞くつ,"2026-03-12 14:04:24","2026-03-16 12:04:44"
6,3,ジュレー島下層,,field,,"2026-03-12 14:04:26","2026-03-17 07:03:33"
7,3,ジュレー島上層,,field,https://dq10.i-k-e.net/map/ジュレー島上層,"2026-03-12 14:04:29","2026-03-16 12:13:08"
8,3,ミューズ海岸,,field,https://dq10.i-k-e.net/map/ミューズ海岸,"2026-03-12 14:04:31","2026-03-16 12:14:09"
9,3,ラーディス王島,,field,https://dq10.i-k-e.net/map/ラーディス王島,"2026-03-12 14:04:33","2026-03-16 12:15:14"
10,3,ジュレリア地下廃坑,,dungeon,https://dq10.i-k-e.net/map/ジュレリア地下廃坑,"2026-03-12 14:04:35","2026-03-16 12:17:13"
11,3,キュララナ海岸,,field,https://dq10.i-k-e.net/map/キュララナ海岸,"2026-03-12 14:04:37","2026-03-16 12:17:40"
12,3,猫島,,field,https://dq10.i-k-e.net/map/猫島,"2026-03-12 14:04:39","2026-03-20 12:27:46"
13,3,知恵の眠る遺跡,,dungeon,https://dq10.i-k-e.net/map/知恵の眠る遺跡,"2026-03-12 14:04:41","2026-03-16 12:20:43"
14,3,海のとける洞くつ,,dungeon,https://dq10.i-k-e.net/map/海のとける洞くつ,"2026-03-12 14:04:43","2026-03-16 12:25:00"
15,3,ジュレイダ連塔遺跡,,dungeon,https://dq10.i-k-e.net/map/ジュレイダ連塔遺跡,"2026-03-12 14:04:45","2026-03-16 12:28:04"
16,3,ヴェリナード領南,,field,https://dq10.i-k-e.net/map/ヴェリナード領南,"2026-03-12 14:04:48","2026-03-16 12:38:13"
17,3,ヴェリナード領北,,field,https://dq10.i-k-e.net/map/ヴェリナード領北,"2026-03-12 14:04:50","2026-03-16 12:38:23"
18,3,ヴァース大山林,,field,https://dq10.i-k-e.net/map/ヴァース大山林,"2026-03-12 14:04:52","2026-03-16 12:38:47"
19,3,ブーナー熱帯雨林,,field,https://dq10.i-k-e.net/map/ブーナー熱帯雨林,"2026-03-12 14:04:54","2026-03-16 12:38:56"
20,3,ケラコーナ原生林,,field,https://dq10.i-k-e.net/map/ケラコーナ原生林,"2026-03-12 14:04:56","2026-03-13 18:03:27"
21,3,ヴェリナード領西,,field,https://dq10.i-k-e.net/map/ヴェリナード領西,"2026-03-12 14:04:58","2026-03-16 12:39:52"
22,3,クエド丘陵,,field,https://dq10.i-k-e.net/map/クエド丘陵,"2026-03-12 14:05:00","2026-03-16 12:41:47"
23,3,永遠の地下迷宮,,dungeon,https://dq10.i-k-e.net/map/永遠の地下迷宮,"2026-03-12 14:05:02","2026-03-16 18:36:03"
24,3,詩歌の遺跡,,dungeon,https://dq10.i-k-e.net/map/詩歌の遺跡,"2026-03-12 14:05:04","2026-03-16 12:44:18"
25,6,ランガーオ山地,,field,https://dq10.i-k-e.net/map/ランガーオ山地,"2026-03-12 14:05:06","2026-03-16 12:44:46"
26,6,ラギ雪原,,field,https://dq10.i-k-e.net/map/ラギ雪原,"2026-03-12 14:05:09","2026-03-16 12:45:02"
27,6,ロンダの氷穴,,dungeon,https://dq10.i-k-e.net/map/ロンダの氷穴,"2026-03-12 14:05:11","2026-03-16 12:45:35"
28,6,ナグアの洞くつ,,dungeon,https://dq10.i-k-e.net/map/ナグアの洞くつ,"2026-03-12 14:05:13","2026-03-16 12:45:53"
29,6,ダズの岩穴,,dungeon,https://dq10.i-k-e.net/map/ダズの岩穴,"2026-03-12 14:05:15","2026-03-16 12:46:05"
30,6,グレン領東,,dungeon,https://dq10.i-k-e.net/map/グレン領東,"2026-03-12 14:05:17","2026-03-16 13:02:23"
31,6,グレン領西,,field,https://dq10.i-k-e.net/map/グレン領西,"2026-03-12 14:05:19","2026-03-16 12:52:07"
32,6,ゲルト海峡,,field,https://dq10.i-k-e.net/map/ゲルト海峡,"2026-03-12 14:05:21","2026-03-16 12:53:38"
33,6,ランドンフット,,field,https://dq10.i-k-e.net/map/ランドンフット,"2026-03-12 14:05:26","2026-03-16 12:53:48"
34,6,ゴズ渓谷,,field,https://dq10.i-k-e.net/map/ゴズ渓谷,"2026-03-12 14:05:28","2026-03-16 12:54:01"
35,6,ランドン山脈,,field,https://dq10.i-k-e.net/map/ランドン山脈,"2026-03-12 14:05:30","2026-03-16 12:54:13"
36,6,ランドン山脈山頂付近,,field,https://dq10.i-k-e.net/map/ランドン山脈山頂付近,"2026-03-12 14:05:32","2026-03-16 12:54:25"
37,6,ベコン渓谷,,field,https://dq10.i-k-e.net/map/ベコン渓谷,"2026-03-12 14:05:34","2026-03-16 12:54:34"
38,6,ザマ峠,,field,https://dq10.i-k-e.net/map/ザマ峠,"2026-03-12 14:05:36","2026-03-16 12:54:45"
39,6,バカン山道,,field,https://dq10.i-k-e.net/map/バカン山道,"2026-03-12 14:05:39","2026-03-16 13:00:10"
40,6,ガートラント領,,field,https://dq10.i-k-e.net/map/ガートラント領,"2026-03-12 14:05:42","2026-03-16 12:58:39"
41,6,バドリー岩石地帯,,field,https://dq10.i-k-e.net/map/バドリー岩石地帯,"2026-03-12 14:05:44","2026-03-16 13:03:12"
42,6,ガズバランの封洞,,dungeon,,"2026-03-12 14:05:45","2026-03-16 13:03:21"
43,6,ギルザッド地方,,field,https://dq10.i-k-e.net/map/ギルザッド地方,"2026-03-12 14:05:47","2026-03-16 13:03:50"
44,6,海賊のアジト跡・地下,,dungeon,https://dq10.i-k-e.net/map/海賊のアジト跡・地下,"2026-03-12 14:05:49","2026-03-16 13:04:11"
45,6,オルセコ高地,,dungeon,https://dq10.i-k-e.net/map/オルセコ高地,"2026-03-12 14:05:51","2026-03-16 13:08:05"
47,6,トガス岩道,,field,https://dq10.i-k-e.net/map/トガス岩道,"2026-03-12 14:05:55","2026-03-16 13:08:43"
48,6,狩人のほら穴,,dungeon,https://dq10.i-k-e.net/map/狩人のほら穴,"2026-03-12 14:05:58","2026-03-16 13:08:54"
50,6,ルクスガルン大空洞,,field,,"2026-03-12 14:06:02","2026-03-16 18:29:28"
51,11,プクレット地方,"puklet area",field,https://dq10.i-k-e.net/map/プクレット地方,"2026-03-12 14:06:04","2026-03-16 13:10:40"
52,11,ポーポラ地方,,field,https://dq10.i-k-e.net/map/ポーポラ地方,"2026-03-12 14:06:06","2026-03-16 13:10:55"
53,11,けがれの谷,,field,https://dq10.i-k-e.net/map/けがれの谷,"2026-03-12 14:06:08","2026-03-16 13:11:05"
54,11,賢者の隠れ家,,field,https://dq10.i-k-e.net/map/賢者の隠れ家,"2026-03-12 14:06:10","2026-03-16 13:11:25"
55,11,ポポラパの洞くつ,,dungeon,https://dq10.i-k-e.net/map/ポポラパの洞くつ,"2026-03-12 14:06:12","2026-03-16 13:11:34"
56,11,ペシュヤ地下空洞,,dungeon,https://dq10.i-k-e.net/map/ペシュヤ地下空洞,"2026-03-12 14:06:14","2026-03-16 13:11:46"
57,11,オルフェア地方東,,field,https://dq10.i-k-e.net/map/オルフェア地方東,"2026-03-12 14:06:16","2026-03-16 13:11:58"
58,11,オルフェア地方西,,dungeon,https://dq10.i-k-e.net/map/オルフェア地方西,"2026-03-12 14:06:18","2026-03-16 18:39:53"
59,11,リンクル地方,,field,https://dq10.i-k-e.net/map/リンクル地方,"2026-03-12 14:06:20","2026-03-16 13:13:19"
60,11,ポポリアきのこ山,,field,https://dq10.i-k-e.net/map/ポポリアきのこ山,"2026-03-12 14:06:22","2026-03-16 13:13:27"
61,11,ミュルエルの森,,field,https://dq10.i-k-e.net/map/ミュルエルの森,"2026-03-12 14:06:24","2026-03-16 13:13:34"
62,11,オルッパ地下洞くつ,,dungeon,https://dq10.i-k-e.net/map/オルッパ地下洞くつ,"2026-03-12 14:06:26","2026-03-16 13:13:44"
63,11,フェルアバの洞くつ,,dungeon,https://dq10.i-k-e.net/map/フェルアバの洞くつ,"2026-03-12 14:06:29","2026-03-16 13:13:51"
64,11,風車の丘,,field,https://dq10.i-k-e.net/map/風車の丘,"2026-03-12 14:06:31","2026-03-16 13:14:01"
65,11,メギストリス領,,field,https://dq10.i-k-e.net/map/メギストリス領,"2026-03-12 14:06:34","2026-03-16 13:14:12"
66,11,エピステーサ丘陵,,dungeon,https://dq10.i-k-e.net/map/エピステーサ丘陵,"2026-03-12 14:06:36","2026-03-16 13:14:25"
67,11,魔瘴調査区画,,dungeon,https://dq10.i-k-e.net/map/魔瘴調査区画,"2026-03-12 14:06:38","2026-03-16 13:52:00"
68,11,チョッピ荒野,,field,https://dq10.i-k-e.net/map/チョッピ荒野,"2026-03-12 14:06:40","2026-03-16 13:15:47"
69,11,メギラザの洞くつ,,dungeon,https://dq10.i-k-e.net/map/メギラザの洞くつ,"2026-03-12 14:06:42","2026-03-16 13:16:25"
70,11,プペラトンネル,,field,https://dq10.i-k-e.net/map/プペラトンネル,"2026-03-12 14:06:46","2026-03-16 13:16:37"
71,11,銀の森,,field,https://dq10.i-k-e.net/map/銀の森,"2026-03-12 14:06:48","2026-03-16 13:16:44"
72,5,ツスクル平野,,field,https://dq10.i-k-e.net/map/ツスクル平野,"2026-03-12 14:06:50","2026-03-16 13:17:23"
73,5,久遠の森,,field,https://dq10.i-k-e.net/map/久遠の森,"2026-03-12 14:06:52","2026-03-16 13:17:36"
74,5,謎の地下迷宮,,dungeon,https://dq10.i-k-e.net/map/謎の地下迷宮,"2026-03-12 14:06:55","2026-03-16 18:37:10"
75,5,キリカ草原,,field,https://dq10.i-k-e.net/map/キリカ草原,"2026-03-12 14:06:57","2026-03-16 13:18:01"
76,5,アズラン地方,,field,https://dq10.i-k-e.net/map/アズラン地方,"2026-03-12 14:06:59","2026-03-16 13:18:08"
77,5,イナミノ街道,,field,https://dq10.i-k-e.net/map/イナミノ街道,"2026-03-12 14:07:01","2026-03-16 13:18:19"
78,5,スイゼン湿原,,field,https://dq10.i-k-e.net/map/スイゼン湿原,"2026-03-12 14:07:04","2026-03-16 13:18:24"
79,5,モリナラ大森林,,field,https://dq10.i-k-e.net/map/モリナラ大森林,"2026-03-12 14:07:06","2026-03-16 13:18:30"
80,5,スイのやしろ,,field,https://dq10.i-k-e.net/map/スイのやしろ,"2026-03-12 14:07:08","2026-03-17 07:32:28"
81,5,スイの塔,,dungeon,https://dq10.i-k-e.net/map/スイの塔,"2026-03-12 14:07:12","2026-03-16 13:20:39"
82,5,モリナラ地下洞,,dungeon,https://dq10.i-k-e.net/map/モリナラ地下洞,"2026-03-12 14:07:14","2026-03-16 13:21:10"
83,5,カミハルムイ領南,,field,https://dq10.i-k-e.net/map/カミハルムイ領南,"2026-03-12 14:07:16","2026-03-16 13:21:21"
84,5,カミハルムイ領北,,field,https://dq10.i-k-e.net/map/カミハルムイ領北,"2026-03-12 14:07:18","2026-03-16 13:21:28"
85,5,夢幻の森,,field,https://dq10.i-k-e.net/map/夢幻の森,"2026-03-12 14:07:20","2026-03-16 13:21:38"
86,5,落陽の草原,,field,https://dq10.i-k-e.net/map/落陽の草原,"2026-03-12 14:07:23","2026-03-16 13:21:53"
87,5,呪われた大地,,field,https://dq10.i-k-e.net/map/呪われた大地,"2026-03-12 14:07:25","2026-03-16 13:21:58"
88,5,捨てられた城,,town,https://dq10.i-k-e.net/map/捨てられた城,"2026-03-12 14:07:27","2026-03-16 13:22:12"
89,9,ラニアッカ断層帯,,field,https://dq10.i-k-e.net/map/ラニアッカ断層帯,"2026-03-12 14:07:29","2026-03-13 17:51:21"
90,9,ザグバン丘陵,,dungeon,https://dq10.i-k-e.net/map/ザグバン丘陵,"2026-03-12 14:07:31","2026-03-14 08:49:18"
91,9,アクロニア鉱山,,dungeon,https://dq10.i-k-e.net/map/アクロニア鉱山,"2026-03-12 14:07:33","2026-03-14 08:49:13"
92,9,ラニ大洞穴,,dungeon,https://dq10.i-k-e.net/map/ラニ大洞穴,"2026-03-12 14:07:35","2026-03-13 17:56:53"
93,9,モガリム街道,,field,https://dq10.i-k-e.net/map/モガリム街道,"2026-03-12 14:07:37","2026-03-16 10:02:44"
94,9,ガタラ原野,,field,https://dq10.i-k-e.net/map/ガタラ原野,"2026-03-12 14:07:40","2026-03-13 17:57:08"
95,9,カルデア山道,,field,https://dq10.i-k-e.net/map/カルデア山道,"2026-03-12 14:07:43","2026-03-13 17:57:19"
96,9,カルデア山道の横穴,,dungeon,https://dq10.i-k-e.net/map/カルデア山道の横穴,"2026-03-12 14:07:45","2026-03-13 17:57:47"
97,9,サーマリ高原,,field,https://dq10.i-k-e.net/map/サーマリ高原,"2026-03-12 14:07:47","2026-03-13 17:56:58"
98,9,エゼソル峡谷,,field,https://dq10.i-k-e.net/map/エゼソル峡谷,"2026-03-12 14:07:49","2026-03-13 17:57:08"
99,9,ダラズ採掘場,,field,https://dq10.i-k-e.net/map/ダラズ採掘場,"2026-03-12 14:07:51","2026-03-13 17:57:47"
100,9,ダラリア砂岩遺跡,,dungeon,https://dq10.i-k-e.net/map/ダラリア砂岩遺跡,"2026-03-12 14:07:53","2026-03-18 05:34:58"
101,9,ウルベア地下遺跡,,dungeon,https://dq10.i-k-e.net/map/ウルベア地下遺跡,"2026-03-12 14:07:55","2026-03-13 17:57:19"
102,9,カルデア洞穴,,dungeon,https://dq10.i-k-e.net/map/カルデア洞穴,"2026-03-12 14:07:58","2026-03-16 18:25:13"
103,9,モガレの洞くつ,,dungeon,https://dq10.i-k-e.net/map/モガレの洞くつ,"2026-03-12 14:08:00","2026-03-16 18:27:05"
104,9,グルグ地下道,,dungeon,https://dq10.i-k-e.net/map/グルグ地下道,"2026-03-12 14:08:02","2026-03-13 17:57:19"
105,9,ゴブル砂漠東,,field,https://dq10.i-k-e.net/map/ゴブル砂漠東,"2026-03-12 14:08:03","2026-03-18 05:36:25"
106,9,ゴブル砂漠西,,field,https://dq10.i-k-e.net/map/ゴブル砂漠西,"2026-03-12 14:08:06","2026-03-13 17:58:44"
107,9,ボロヌス溶岩流,,dungeon,https://dq10.i-k-e.net/map/ボロヌス溶岩流,"2026-03-12 14:08:08","2026-03-14 08:50:27"
108,9,デマトード高地,,field,https://dq10.i-k-e.net/map/デマトード高地,"2026-03-12 14:08:09","2026-03-13 17:58:44"
109,9,カルサドラ火山,,dungeon,https://dq10.i-k-e.net/map/カルサドラ火山,"2026-03-12 14:08:12","2026-03-16 10:22:24"
110,9,ボロヌスの穴,,dungeon,https://dq10.i-k-e.net/map/ボロヌスの穴,"2026-03-12 14:08:14","2026-03-13 17:59:14"
111,9,砂岩の洞くつ,,dungeon,https://dq10.i-k-e.net/map/砂岩の洞くつ,"2026-03-12 14:08:16","2026-03-13 17:59:08"
112,9,最果ての地下遺跡,,dungeon,https://dq10.i-k-e.net/map/最果ての地下遺跡,"2026-03-12 14:08:18","2026-03-13 17:59:14"
113,1,東の荒野,,field,,"2026-03-12 14:08:20","2026-03-17 05:10:47"
114,1,過去のゲルト海峡,,field,,"2026-03-12 14:08:22","2026-03-17 05:11:14"
115,1,過去のランドンフット,,field,,"2026-03-12 14:08:24","2026-03-17 05:11:36"
116,1,過去のランドン山脈,,field,,"2026-03-12 14:08:26","2026-03-17 05:11:49"
117,1,過去のランドン山脈山頂付近,,field,,"2026-03-12 14:08:28","2026-03-17 05:12:01"
118,1,神殿レイダメテス,,field,,"2026-03-12 14:08:30","2026-03-18 05:38:30"
119,6,冥王の心臓,,field,https://dq10.i-k-e.net/map/冥王の心臓,"2026-03-12 14:08:32","2026-03-23 08:42:35"
120,5,闇の溢る世界,,field,,"2026-03-12 14:08:35","2026-03-16 19:05:19"
121,8,月世界,,field,,"2026-03-12 14:08:37","2026-03-17 05:12:25"
122,18,創失の塔,,field,,"2026-03-12 14:08:39","2026-03-17 05:08:04"
123,12,偽りのコニウェア平原,,field,https://draquex.com/map/nise-1.php,"2026-03-12 14:08:41","2026-03-16 13:22:37"
124,12,偽りのワルド水源,,field,https://draquex.com/map/nise-2.php,"2026-03-12 14:08:43","2026-03-16 13:22:43"
125,12,偽りのローヌ樹林帯,,field,https://draquex.com/map/nise-3.php,"2026-03-12 14:08:45","2026-03-16 13:22:50"
126,12,偽メルサンディ穀倉帯,,field,https://draquex.com/map/nise-4.php,"2026-03-12 14:08:47","2026-03-16 13:22:57"
127,12,謎の地下水路,,dungeon,https://dq10.i-k-e.net/map/謎の地下水路,"2026-03-12 14:08:49","2026-03-16 13:23:31"
128,12,偽りの魔女の森,,field,https://draquex.com/map/nise-6.php,"2026-03-12 14:08:51","2026-03-16 13:23:43"
129,12,偽りのセレドット山道,,field,https://draquex.com/map/nise-7.php,"2026-03-12 14:08:53","2026-03-16 13:23:53"
130,12,偽リンジャハル海岸,,field,https://draquex.com/map/nise-8.php,"2026-03-12 14:08:55","2026-03-16 13:24:09"
131,12,偽りのリンジャの塔,,field,https://draquex.com/map/nise-9.php,"2026-03-12 14:08:57","2026-03-16 13:25:00"
132,12,偽りのリャナ荒涼地帯,,field,https://draquex.com/map/nise-10.php,"2026-03-12 14:08:59","2026-03-16 18:40:17"
133,12,偽りのソーラリア峡谷,,field,https://draquex.com/map/nise-11.php,"2026-03-12 14:09:01","2026-03-16 13:26:05"
134,12,古き神の遺跡,,dungeon,https://dq10.i-k-e.net/map/古き神の遺跡,"2026-03-12 14:09:03","2026-03-17 06:59:53"
135,12,偽アラハギーロ地方,,field,https://draquex.com/map/nise-13.php,"2026-03-12 14:09:05","2026-03-16 13:31:41"
136,12,偽りのデフェル荒野,,field,https://draquex.com/map/nise-14.php,"2026-03-12 14:09:07","2026-03-16 13:54:47"
137,12,偽りのジャイラ密林,,field,https://draquex.com/map/nise-15.php,"2026-03-12 14:09:10","2026-03-16 13:55:08"
138,12,偽りのピラミッド,,field,https://draquex.com/map/nise-16.php,"2026-03-12 14:09:12","2026-03-16 13:55:35"
139,12,偽ナシームの洞くつ,,field,https://draquex.com/map/nise-17.php,"2026-03-12 14:09:14","2026-03-16 13:55:53"
140,12,偽レビュール街道南,,field,https://draquex.com/map/nise-18.php,"2026-03-12 14:09:16","2026-03-16 13:56:00"
141,12,偽レビュール街道北,,field,https://draquex.com/map/nise-19.php,"2026-03-12 14:09:18","2026-03-16 13:56:59"
142,12,偽グランゼドーラ領,,field,https://draquex.com/map/nise-20.php,"2026-03-12 14:09:21","2026-03-16 13:57:13"
143,12,偽りのロヴォス高地,,field,https://draquex.com/map/nise-21.php,"2026-03-12 14:09:23","2026-03-16 13:57:23"
144,12,偽りのゼドラ洞,,field,https://draquex.com/map/nise-22.php,"2026-03-12 14:09:25","2026-03-16 13:57:38"
145,12,偽りの海風の洞くつ,,field,https://draquex.com/map/nise-23.php,"2026-03-12 14:09:27","2026-03-16 13:57:45"
146,12,偽りの名もなき草原,,field,https://draquex.com/map/nise-24.php,"2026-03-12 14:09:29","2026-03-16 13:57:52"
147,12,偽りの育みの大地,,field,https://draquex.com/map/nise-25.php,"2026-03-12 14:09:31","2026-03-16 13:58:05"
148,12,創生の邪洞,,dungeon,https://dq10.i-k-e.net/map/創生の邪洞,"2026-03-12 14:09:33","2026-03-17 15:25:36"
149,12,未完のモンセロ温泉峡,,field,https://dq10.i-k-e.net/map/未完のモンセロ温泉峡,"2026-03-12 14:09:35","2026-03-16 13:59:44"
150,12,未完のドラクロン山地,,field,https://dq10.i-k-e.net/map/未完のドラクロン山地,"2026-03-12 14:09:36","2026-03-17 06:38:47"
151,12,未完のラゼアの風穴,,dungeon,https://dq10.i-k-e.net/map/未完のラゼアの風穴,"2026-03-12 14:09:39","2026-03-16 14:01:33"
152,18,グランゼニスの試練場,,field,,"2026-03-12 14:09:41","2026-03-16 14:02:03"
153,18,真のコニウェア平原,,field,https://dq10.i-k-e.net/map/真のコニウェア平原,"2026-03-12 14:09:44","2026-03-16 14:02:12"
154,18,モンセロ温泉峡,,field,https://dq10.i-k-e.net/map/モンセロ温泉峡,"2026-03-12 14:09:46","2026-03-16 14:02:47"
155,18,真のワルド水源,,field,https://dq10.i-k-e.net/map/真のワルド水源,"2026-03-12 14:09:48","2026-03-16 14:02:53"
156,18,真のローヌ樹林帯,,dungeon,https://dq10.i-k-e.net/map/真のローヌ樹林帯,"2026-03-12 14:09:50","2026-03-16 14:03:03"
157,18,真メルサンディ穀倉帯,,field,https://dq10.i-k-e.net/map/真メルサンディ穀倉帯,"2026-03-12 14:09:52","2026-03-16 14:03:10"
158,18,真のこもれびの広場,,field,https://dq10.i-k-e.net/map/真のこもれびの広場,"2026-03-12 14:09:54","2026-03-23 08:45:59"
159,18,真の魔女の森,,field,https://dq10.i-k-e.net/map/真の魔女の森,"2026-03-12 14:09:56","2026-03-16 14:03:26"
160,18,真のセレドット山道,,field,https://dq10.i-k-e.net/map/真のセレドット山道,"2026-03-12 14:09:58","2026-03-16 14:03:33"
161,18,真のリンジャハル海岸,,field,https://dq10.i-k-e.net/map/真のリンジャハル海岸,"2026-03-12 14:10:01","2026-03-16 14:03:40"
162,18,真のリンジャの塔,,dungeon,https://dq10.i-k-e.net/map/真のリンジャの塔,"2026-03-12 14:10:02","2026-03-16 14:04:15"
163,18,真のリャナ荒涼地帯,,field,https://dq10.i-k-e.net/map/真のリャナ荒涼地帯,"2026-03-12 14:10:04","2026-03-16 14:05:04"
164,18,ねじれたる異形の大地,,dungeon,https://dq10.i-k-e.net/map/ねじれたる異形の大地,"2026-03-12 14:10:06","2026-03-17 07:05:58"
165,18,真のアラハギーロ地方,,dungeon,https://dq10.i-k-e.net/map/真のアラハギーロ地方,"2026-03-12 14:10:09","2026-03-16 14:06:59"
166,18,真のデフェル荒野,,field,https://dq10.i-k-e.net/map/真のデフェル荒野,"2026-03-12 14:10:10","2026-03-16 14:07:10"
167,18,真のジャイラ密林,,field,https://dq10.i-k-e.net/map/真のジャイラ密林,"2026-03-12 14:10:13","2026-03-16 14:07:18"
168,18,真のピラミッド,,dungeon,https://dq10.i-k-e.net/map/真のピラミッド,"2026-03-12 14:10:15","2026-03-23 10:10:39"
169,18,真のナシームの洞くつ,,dungeon,https://dq10.i-k-e.net/map/真のナシームの洞くつ,"2026-03-12 14:10:17","2026-03-16 14:08:42"
170,18,真のレビュール街道南,,field,https://dq10.i-k-e.net/map/真のレビュール街道南,"2026-03-12 14:10:19","2026-03-16 14:08:59"
171,18,真のレビュール街道北,,field,https://dq10.i-k-e.net/map/真のレビュール街道北,"2026-03-12 14:10:21","2026-03-16 18:41:15"
172,18,真のグランゼドーラ領,,dungeon,https://dq10.i-k-e.net/map/真のグランゼドーラ領,"2026-03-12 14:10:22","2026-03-16 14:10:08"
173,18,真のロヴォス高地,,field,https://dq10.i-k-e.net/map/真のロヴォス高地,"2026-03-12 14:10:24","2026-03-16 14:10:15"
174,18,真のゼドラ洞,,field,https://dq10.i-k-e.net/map/真のゼドラ洞,"2026-03-12 14:10:26","2026-03-16 14:10:22"
175,18,真の海風の洞くつ,,dungeon,https://dq10.i-k-e.net/map/真の海風の洞くつ,"2026-03-12 14:10:28","2026-03-16 14:10:31"
176,18,ドラクロン山地,,field,https://dq10.i-k-e.net/map/ドラクロン山地,"2026-03-12 14:10:30","2026-03-16 14:11:48"
177,18,真の名もなき草原,,field,https://dq10.i-k-e.net/map/真の名もなき草原,"2026-03-12 14:10:32","2026-03-16 14:12:30"
178,18,真の育みの大地,,field,https://dq10.i-k-e.net/map/真の育みの大地,"2026-03-12 14:10:34","2026-03-16 14:12:38"
179,18,清き水の洞くつ,,dungeon,https://dq10.i-k-e.net/map/清き水の洞くつ,"2026-03-12 14:10:36","2026-03-16 14:12:48"
180,18,サザミレ草原,,field,https://dq10.i-k-e.net/map/サザミレ草原,"2026-03-12 14:10:38","2026-03-16 14:13:01"
181,18,ポルネア山,,dungeon,https://dq10.i-k-e.net/map/ポルネア山,"2026-03-12 14:10:39","2026-03-16 14:13:11"
182,18,スレア海岸,,field,https://dq10.i-k-e.net/map/スレア海岸,"2026-03-12 14:10:41","2026-03-16 14:13:21"
183,18,ラゼアの風穴,,dungeon,https://dq10.i-k-e.net/map/ラゼアの風穴,"2026-03-12 14:10:43","2026-03-16 14:13:32"
184,18,魔幻宮殿,,field,https://dq10.i-k-e.net/map/魔幻宮殿,"2026-03-12 14:10:44","2026-03-16 18:41:50"
185,18,悠久の回廊,,dungeon,,"2026-03-12 14:10:47","2026-03-16 18:30:28"
186,18,ブオーンの体内,,field,,"2026-03-12 14:10:49","2026-03-16 18:37:29"
187,15,現・バントリユ地方,,field,https://dq10.i-k-e.net/map/現・バントリユ地方,"2026-03-12 14:10:51","2026-03-16 14:17:28"
188,15,現・エテーネ王国領,,field,https://dq10.i-k-e.net/map/現・エテーネ王国領,"2026-03-12 14:10:53","2026-03-16 14:18:05"
189,15,現・ティプローネ高地,,dungeon,https://dq10.i-k-e.net/map/現・ティプローネ高地,"2026-03-12 14:10:55","2026-03-16 14:18:34"
190,15,現・ドミネウス邸,,field,https://dq10.i-k-e.net/map/現・ドミネウス邸,"2026-03-12 14:10:56","2026-03-18 06:52:57"
191,15,現・残響の海蝕洞,,field,https://dq10.i-k-e.net/map/現・残響の海蝕洞,"2026-03-12 14:10:58","2026-03-16 14:18:56"
192,10,赤熱の荒野,,field,https://dq10.i-k-e.net/map/赤熱の荒野,"2026-03-12 14:11:00","2026-03-16 14:19:56"
193,10,烈火の渓谷,,dungeon,https://dq10.i-k-e.net/map/烈火の渓谷,"2026-03-12 14:11:02","2026-03-16 14:20:26"
194,10,煉獄の谷,,dungeon,https://dq10.i-k-e.net/map/煉獄の谷,"2026-03-12 14:11:04","2026-03-18 05:04:26"
195,10,フェザリアス山,,dungeon,https://dq10.i-k-e.net/map/フェザリアス山,"2026-03-12 14:11:06","2026-03-16 14:21:34"
196,10,業炎の聖塔,,dungeon,https://dq10.i-k-e.net/map/業炎の聖塔,"2026-03-12 14:11:08","2026-03-16 14:22:15"
197,10,大神殿・地下,,field,,"2026-03-12 14:11:12","2026-03-18 06:53:49"
198,10,とこしえの氷原,,field,https://dq10.i-k-e.net/map/とこしえの氷原,"2026-03-12 14:11:14","2026-03-17 06:45:27"
199,10,白霜の流氷野,,field,https://dq10.i-k-e.net/map/白霜の流氷野,"2026-03-12 14:11:16","2026-03-16 18:42:16"
200,10,アヴィーロ遺跡,,dungeon,https://dq10.i-k-e.net/map/アヴィーロ遺跡,"2026-03-12 14:11:18","2026-03-16 14:23:23"
201,10,カーレルの氷雪洞,,dungeon,https://dq10.i-k-e.net/map/カーレルの氷雪洞,"2026-03-12 14:11:20","2026-03-16 18:42:49"
202,10,氷晶の聖塔,,dungeon,https://dq10.i-k-e.net/map/氷晶の聖塔,"2026-03-12 14:11:23","2026-03-23 08:38:50"
203,10,闇の辺獄,,field,https://dq10.i-k-e.net/map/闇の辺獄,"2026-03-12 14:11:25","2026-03-16 14:27:36"
204,10,影の谷,,dungeon,https://dq10.i-k-e.net/map/影の谷,"2026-03-12 14:11:27","2026-03-16 14:28:00"
205,10,楽園,,dungeon,https://dq10.i-k-e.net/map/楽園,"2026-03-12 14:11:29","2026-03-16 14:28:10"
206,10,冥闇の聖塔,,dungeon,https://dq10.i-k-e.net/map/冥闇の聖塔,"2026-03-12 14:11:30","2026-03-16 14:28:56"
207,10,影の深底,,field,,"2026-03-12 14:11:32","2026-03-16 14:29:30"
208,10,オーフィーヌの海,,field,https://dq10.i-k-e.net/map/オーフィーヌの海,"2026-03-12 14:11:34","2026-03-16 14:29:38"
209,10,オーフィーヌ海底,,field,https://dq10.i-k-e.net/map/オーフィーヌ海底,"2026-03-12 14:11:36","2026-03-16 14:29:54"
210,10,ガイオス古海,,dungeon,https://dq10.i-k-e.net/map/ガイオス古海,"2026-03-12 14:11:38","2026-03-23 08:39:50"
211,10,天水の聖塔,,dungeon,https://dq10.i-k-e.net/map/天水の聖塔,"2026-03-12 14:11:42","2026-03-16 14:31:13"
212,10,迅雷の丘,,dungeon,https://dq10.i-k-e.net/map/迅雷の丘,"2026-03-12 14:11:45","2026-03-16 14:31:37"
213,10,ムストの町,,town,https://dq10.i-k-e.net/map/ムストの町,"2026-03-12 14:11:46","2026-03-16 14:31:44"
214,10,天ツ風の原,,field,https://dq10.i-k-e.net/map/天ツ風の原,"2026-03-12 14:11:49","2026-03-16 14:32:14"
215,10,神獣の森,,field,https://dq10.i-k-e.net/map/神獣の森,"2026-03-12 14:11:51","2026-03-16 14:32:40"
216,10,翠嵐の聖塔,,dungeon,https://dq10.i-k-e.net/map/翠嵐の聖塔,"2026-03-12 14:11:53","2026-03-18 05:52:30"
217,10,神墟ナドラグラム,,dungeon,,"2026-03-12 14:11:54","2026-03-16 18:31:10"
218,10,断罪の剣,,field,,"2026-03-12 14:11:56","2026-03-16 18:32:33"
249,20,デスディオ暗黒荒原,,field,https://dq10.i-k-e.net/map/デスディオ暗黒荒原,"2026-03-12 14:13:15","2026-03-16 14:36:46"
250,20,思案の洞くつ,,field,https://draquex.com/map/makai-24.php,"2026-03-12 14:13:17","2026-03-16 14:37:04"
251,20,ザード遺跡,,dungeon,https://dq10.i-k-e.net/map/ザード遺跡,"2026-03-12 14:13:19","2026-03-18 06:56:36"
252,20,ゲルヘナ幻野,,dungeon,https://dq10.i-k-e.net/map/ゲルヘナ幻野,"2026-03-12 14:13:21","2026-03-16 14:39:02"
253,20,旧ネクロデア領,,dungeon,https://dq10.i-k-e.net/map/旧ネクロデア領,"2026-03-12 14:13:23","2026-03-16 14:39:20"
254,20,血潮の浜辺,,dungeon,https://dq10.i-k-e.net/map/血潮の浜辺,"2026-03-12 14:13:25","2026-03-16 14:39:32"
255,20,グラデル台地,,field,https://dq10.i-k-e.net/map/グラデル台地,"2026-03-12 14:13:28","2026-03-16 14:39:43"
256,20,閉ざされた水路,,dungeon,https://dq10.i-k-e.net/map/閉ざされた水路,"2026-03-12 14:13:29","2026-03-16 14:40:29"
257,20,ベルヴァインの森西,,field,https://dq10.i-k-e.net/map/ベルヴァインの森西,"2026-03-12 14:13:32","2026-03-16 14:40:39"
258,20,ベルヴァインの森東,,field,https://dq10.i-k-e.net/map/ベルヴァインの森東,"2026-03-12 14:13:34","2026-03-16 14:40:47"
259,20,ガウシア樹海,,dungeon,https://dq10.i-k-e.net/map/ガウシア樹海,"2026-03-12 14:13:35","2026-03-16 14:40:55"
260,20,ゼクレス城・宝物庫,,field,https://draquex.com/map/makai-7.php,"2026-03-12 14:13:37","2026-03-16 14:41:02"
261,20,ゼクレス城・地下,,field,https://draquex.com/map/makai-8.php,"2026-03-12 14:13:39","2026-03-16 14:41:10"
262,20,バルディア山岳地帯,,dungeon,https://dq10.i-k-e.net/map/バルディア山岳地帯,"2026-03-12 14:13:41","2026-03-16 14:41:23"
263,20,ブラニック採石場,,field,https://dq10.i-k-e.net/map/ブラニック採石場,"2026-03-12 14:13:44","2026-03-16 14:41:32"
264,20,ターボル峡谷,,field,https://dq10.i-k-e.net/map/ターボル峡谷,"2026-03-12 14:13:46","2026-03-16 14:41:40"
265,20,ザハディガル岩峰,,dungeon,https://dq10.i-k-e.net/map/ザハディガル岩峰,"2026-03-12 14:13:48","2026-03-16 14:44:07"
266,20,ジャリムバハ砂漠,,field,https://dq10.i-k-e.net/map/ジャリムバハ砂漠,"2026-03-12 14:13:50","2026-03-16 14:45:12"
267,20,封神の参道,,field,https://draquex.com/map/makai-19.php,"2026-03-12 14:13:52","2026-03-16 18:44:29"
268,20,ジャゴヌバ神殿,,field,https://draquex.com/map/makai-20.php,"2026-03-12 14:13:53","2026-03-16 14:48:05"
269,20,魔幻都市ゴーラ跡,,field,https://dq10.i-k-e.net/map/魔幻都市ゴーラ跡,"2026-03-12 14:13:56","2026-03-16 14:48:38"
270,20,魔幻園マデッサンス,,dungeon,https://dq10.i-k-e.net/map/魔幻園マデッサンス,"2026-03-12 14:13:58","2026-03-18 05:59:23"
271,20,滅星の深淵,,field,https://draquex.com/map/makai-23.php,"2026-03-12 14:14:03","2026-03-17 07:14:37"
272,16,試みの荒野,,field,https://dq10.i-k-e.net/map/試みの荒野,"2026-03-12 14:14:05","2026-03-16 14:54:34"
273,16,輝きの草原,,field,https://dq10.i-k-e.net/map/輝きの草原,"2026-03-12 14:14:07","2026-03-16 14:54:50"
274,16,ファボル鉱山,,field,https://dq10.i-k-e.net/map/ファボル鉱山,"2026-03-12 14:14:09","2026-03-16 14:55:03"
275,16,豊穣の密林,,dungeon,https://dq10.i-k-e.net/map/豊穣の密林,"2026-03-12 14:14:11","2026-03-18 07:08:29"
276,16,天涙の大水源,,dungeon,https://dq10.i-k-e.net/map/天涙の大水源,"2026-03-12 14:14:13","2026-03-18 06:07:46"
277,16,儀礼場への洞くつ,,dungeon,https://dq10.i-k-e.net/map/儀礼場への洞くつ,"2026-03-12 14:14:15","2026-03-16 14:57:50"
278,16,命脈の神殿,,dungeon,https://dq10.i-k-e.net/map/命脈の神殿,"2026-03-12 14:14:17","2026-03-18 06:08:30"
279,16,神代の遺構,,field,https://dq10.i-k-e.net/map/神代の遺構,"2026-03-12 14:14:21","2026-03-16 14:59:11"
280,16,三闘士の憤怒,,field,https://draquex.com/map/tensei-9.php,"2026-03-12 14:14:23","2026-03-23 10:49:30"
281,16,時の王者の悔恨,,field,https://draquex.com/map/tensei-10.php,"2026-03-12 14:14:25","2026-03-16 15:00:57"
282,16,歌姫の絶望,,field,https://draquex.com/map/tensei-11.php,"2026-03-12 14:14:27","2026-03-23 15:41:06"
283,16,フォーリオン造成地,,dungeon,https://dq10.i-k-e.net/map/フォーリオン造成地,"2026-03-12 14:14:29","2026-03-16 15:01:49"
284,16,勇者の曙光,,dungeon,https://dq10.i-k-e.net/map/勇者の曙光,"2026-03-12 14:14:31","2026-03-16 15:03:30"
285,16,ゼドラ王の黄昏,,dungeon,https://dq10.i-k-e.net/map/ゼドラ王の黄昏,"2026-03-12 14:14:33","2026-03-16 15:04:20"
286,16,盟友の虚無,,dungeon,https://dq10.i-k-e.net/map/盟友の虚無,"2026-03-12 14:14:35","2026-03-17 15:41:59"
287,16,神具解放の審問宮１,,dungeon,https://dq10.i-k-e.net/map/神具解放の審問宮１,"2026-03-12 14:14:37","2026-03-18 06:10:17"
288,16,神具解放の審問宮２,,dungeon,https://dq10.i-k-e.net/map/神具解放の審問宮２,"2026-03-12 14:14:39","2026-03-18 06:10:40"
289,16,神具解放の審問宮３,,dungeon,https://dq10.i-k-e.net/map/神具解放の審問宮３,"2026-03-12 14:14:41","2026-03-18 06:10:52"
294,17,ハディン地下洞くつ,,field,https://dq10.i-k-e.net/map/%E3%83%8F%E3%83%87%E3%82%A3%E3%83%B3%E5%9C%B0%E4%B8%8B%E6%B4%9E%E3%81%8F%E3%81%A4,"2026-03-12 14:14:51","2026-03-16 15:06:07"
300,17,ムニエカの深層,,field,https://draquex.com/map/hate-11.php,"2026-03-12 14:15:04","2026-03-16 15:06:48"
301,17,キュロン丘陵,,field,https://draquex.com/map/hate-12.php,"2026-03-12 14:15:06","2026-03-16 15:07:10"
302,17,キュロン湿原,,field,https://draquex.com/map/hate-13.php,"2026-03-12 14:15:08","2026-03-16 15:07:18"
303,17,雨の島,,field,https://draquex.com/map/hate-14.php,"2026-03-12 14:15:10","2026-03-16 15:08:08"
305,17,創失のガナン帝国領,,field,https://draquex.com/map/hate-16.php,"2026-03-12 14:15:14","2026-03-16 15:08:21"
306,17,創失のガナン帝国城,,field,https://draquex.com/map/hate-17.php,"2026-03-12 14:15:16","2026-03-16 18:48:08"
307,6,ランガーオ村,,town,https://dq10.i-k-e.net/map/ランガーオ村,"2026-03-13 15:55:43","2026-03-13 15:55:43"
308,6,獅子門,,town,https://dq10.i-k-e.net/map/獅子門・難民キャンプ,"2026-03-13 15:55:58","2026-03-16 14:35:32"
309,6,グレン城下町,,town,https://dq10.i-k-e.net/map/グレン城下町,"2026-03-13 15:56:05","2026-03-13 16:27:43"
310,6,グレン城,,town,https://dq10.i-k-e.net/map/グレン城,"2026-03-13 15:56:07","2026-03-13 17:13:56"
311,6,ガートラント城下町,,town,https://dq10.i-k-e.net/map/ガートラント城下町,"2026-03-13 15:56:50","2026-03-13 17:14:21"
312,6,ガートラント城,,town,https://dq10.i-k-e.net/map/ガートラント城,"2026-03-13 15:56:52","2026-03-13 17:14:21"
313,5,ツスクルの村,,town,https://dq10.i-k-e.net/map/ツスクルの村,"2026-03-13 15:57:45","2026-03-13 17:49:24"
314,5,風の町アズラン,,town,https://dq10.i-k-e.net/map/風の町アズラン,"2026-03-13 15:58:02","2026-03-13 17:49:39"
315,5,王都カミハルムイ,,town,https://dq10.i-k-e.net/map/王都カミハルムイ,"2026-03-13 15:58:38","2026-03-13 17:50:31"
316,5,カミハルムイ城,,town,https://dq10.i-k-e.net/map/カミハルムイ城,"2026-03-13 15:58:40","2026-03-13 17:50:37"
317,9,アグラニの町,,town,https://dq10.i-k-e.net/map/アグラニの町,"2026-03-13 15:59:17","2026-03-13 17:51:15"
318,9,岳都ガタラ,,town,https://dq10.i-k-e.net/map/岳都ガタラ,"2026-03-13 15:59:50","2026-03-13 17:57:19"
319,9,ドルワーム王国,,town,https://dq10.i-k-e.net/map/ドルワーム王国,"2026-03-13 16:00:13","2026-03-13 17:58:10"
320,9,ドルワーム水晶宮,,town,https://dq10.i-k-e.net/map/ドルワーム水晶宮,"2026-03-13 16:00:17","2026-03-14 08:49:45"
321,11,プクレットの村,,town,https://dq10.i-k-e.net/map/プクレットの村,"2026-03-13 16:00:44","2026-03-13 17:59:16"
322,6,雪原の廃墟,,hole,https://dq10.i-k-e.net/map/雪原の廃墟,"2026-03-13 16:17:21","2026-03-13 16:55:23"
323,6,妖剣士の塚,,hole,https://dq10.i-k-e.net/map/妖剣士の塚,"2026-03-13 16:55:42","2026-03-14 08:32:58"
325,6,カミルゴの盾島,,town,https://dq10.i-k-e.net/map/カミルゴの盾島,"2026-03-13 16:55:45","2026-03-18 06:58:21"
326,6,忘れられた書庫,,hole,https://dq10.i-k-e.net/map/忘れられた書庫,"2026-03-13 16:55:48","2026-03-14 08:33:09"
327,6,荒野の枯れ井戸,,hole,https://dq10.i-k-e.net/map/荒野の枯れ井戸,"2026-03-13 16:56:03","2026-03-13 17:14:25"
328,5,ツスクルの村_井戸の中,,hole,https://dq10.i-k-e.net/map/ツスクルの村_井戸の中,"2026-03-13 16:56:27","2026-03-13 17:49:27"
329,5,風の町アズラン_領主の屋敷,,town,https://dq10.i-k-e.net/map/風の町アズラン_領主の屋敷,"2026-03-13 16:56:34","2026-03-13 17:49:41"
330,5,王都カミハルムイ南,,town,https://dq10.i-k-e.net/map/王都カミハルムイ南,"2026-03-13 17:15:32","2026-03-13 17:50:42"
331,11,オルフェアの町,,town,https://dq10.i-k-e.net/map/オルフェアの町,"2026-03-13 17:39:42","2026-03-17 05:54:43"
332,11,オルファの丘,,town,https://dq10.i-k-e.net/map/オルファの丘,"2026-03-13 17:40:05","2026-03-14 08:51:18"
333,20,光の郷フィネトカ,,town,https://dq10.i-k-e.net/map/光の郷フィネトカ,"2026-03-13 17:40:20","2026-03-14 08:51:33"
334,11,メギストリスの都,,town,https://dq10.i-k-e.net/map/メギストリスの都,"2026-03-13 17:40:27","2026-03-13 18:00:28"
335,11,メギストリス城,,town,https://dq10.i-k-e.net/map/メギストリス城,"2026-03-13 17:40:30","2026-03-13 18:00:31"
336,11,キラキラ大風車塔,,dungeon,https://dq10.i-k-e.net/map/キラキラ大風車塔,"2026-03-13 17:40:53","2026-03-16 18:48:40"
338,3,レーンの村,,town,https://dq10.i-k-e.net/map/レーンの村,"2026-03-13 17:41:36","2026-03-13 18:01:42"
339,3,ジュレー島下層_大空洞,,field,https://dq10.i-k-e.net/map/ジュレー島下層_大空洞,"2026-03-13 17:41:48","2026-03-13 18:01:54"
340,3,ジュレットの町,,town,https://dq10.i-k-e.net/map/ジュレットの町,"2026-03-13 17:41:56","2026-03-13 18:02:03"
341,3,ジュレー島下層_遺跡,,dungeon,https://dq10.i-k-e.net/map/ジュレー島下層_遺跡,"2026-03-13 17:41:58","2026-03-13 18:02:05"
342,3,ヴェリナード城下町,,town,https://dq10.i-k-e.net/map/ヴェリナード城下町,"2026-03-13 17:42:32","2026-03-13 18:02:37"
343,3,ヴェリナード城駅,,town,https://dq10.i-k-e.net/map/ヴェリナード城駅,"2026-03-13 17:42:35","2026-03-13 18:02:41"
344,3,ヴェリナード城,,town,https://dq10.i-k-e.net/map/ヴェリナード城,"2026-03-13 17:42:35","2026-03-13 18:02:41"
346,12,ココラタの浜辺,,town,https://dq10.i-k-e.net/map/ココラタの浜辺,"2026-03-13 17:43:26","2026-03-14 08:55:54"
347,12,三門の関所,,town,https://dq10.i-k-e.net/map/三門の関所,"2026-03-13 17:43:26","2026-03-13 18:03:38"
348,12,グランドタイタス号,,town,https://dq10.i-k-e.net/map/グランドタイタス号,"2026-03-13 17:43:31","2026-03-13 18:03:42"
355,12,メルサンディ村,,town,https://dq10.i-k-e.net/map/メルサンディ村,"2026-03-13 17:43:51","2026-03-13 18:04:02"
362,12,セレドの町,,town,https://dq10.i-k-e.net/map/セレドの町,"2026-03-13 17:44:23","2026-03-13 18:04:32"
364,12,ダーマ神殿,,town,https://dq10.i-k-e.net/map/ダーマ神殿,"2026-03-13 18:04:45","2026-03-13 18:04:45"
365,12,高台の教会,,town,https://dq10.i-k-e.net/map/高台の教会,"2026-03-13 18:04:45","2026-03-13 18:04:45"
366,12,エテーネの村,,town,https://dq10.i-k-e.net/map/エテーネの村,"2026-03-13 18:04:59","2026-03-13 18:04:59"
379,12,アラハギーロ王国,,town,https://dq10.i-k-e.net/map/アラハギーロ王国,"2026-03-13 18:05:55","2026-03-14 08:58:23"
381,12,モンスター格闘場,,town,https://dq10.i-k-e.net/map/モンスター格闘場,"2026-03-13 18:05:55","2026-03-14 08:58:39"
383,12,アラハギーロ王国_2階,,town,https://dq10.i-k-e.net/map/アラハギーロ王国_2階,"2026-03-13 18:06:18","2026-03-13 18:06:18"
391,12,グランゼドーラ王国,,town,https://dq10.i-k-e.net/map/グランゼドーラ王国,"2026-03-13 18:07:07","2026-03-14 09:00:14"
392,12,グランゼドーラ城,,town,https://dq10.i-k-e.net/map/グランゼドーラ城,"2026-03-13 18:07:11","2026-03-13 18:07:11"
403,18,真のココラタの浜辺,,town,https://dq10.i-k-e.net/map/真のココラタの浜辺,"2026-03-13 18:08:22","2026-03-14 09:03:19"
404,18,真の三門の関所,,town,https://dq10.i-k-e.net/map/真の三門の関所,"2026-03-13 18:08:22","2026-03-13 18:08:22"
405,18,竜族の隠れ里,,town,https://dq10.i-k-e.net/map/竜族の隠れ里,"2026-03-13 18:08:39","2026-03-13 18:08:39"
406,18,神代の島,,town,https://dq10.i-k-e.net/map/神代の島,"2026-03-13 18:08:46","2026-03-13 18:08:46"
407,18,真のメルン水車郷,,town,https://dq10.i-k-e.net/map/真のメルン水車郷,"2026-03-13 18:09:02","2026-03-13 18:09:02"
408,18,真のメルサンディ村,,town,https://dq10.i-k-e.net/map/真のメルサンディ村,"2026-03-13 18:09:02","2026-03-13 18:09:02"
409,18,真のさびれたほこら,,town,https://dq10.i-k-e.net/map/真のさびれたほこら,"2026-03-13 18:09:02","2026-03-13 18:09:02"
410,18,真の夜宴館,,town,https://dq10.i-k-e.net/map/真の夜宴館,"2026-03-13 18:09:20","2026-03-13 18:09:20"
411,18,謎の島,,town,https://dq10.i-k-e.net/map/謎の島,"2026-03-13 18:09:22","2026-03-13 18:09:22"
412,18,真のセレドの町,,town,https://dq10.i-k-e.net/map/真のセレドの町,"2026-03-13 18:09:31","2026-03-13 18:09:31"
413,18,真のダーマ神殿,,twon,https://dq10.i-k-e.net/map/真のダーマ神殿,"2026-03-13 18:09:42","2026-03-13 18:09:42"
421,18,真のアラハギーロ王国,,town,https://dq10.i-k-e.net/map/真のアラハギーロ王国,"2026-03-13 18:11:05","2026-03-14 09:06:51"
422,18,真のモンスター格闘場,,town,https://dq10.i-k-e.net/map/真のモンスター格闘場,"2026-03-13 18:11:05","2026-03-14 09:07:04"
424,18,真グランゼドーラ王国,,town,https://dq10.i-k-e.net/map/真グランゼドーラ王国,"2026-03-13 18:12:19","2026-03-14 09:08:29"
425,18,真のグランゼドーラ城,,town,https://dq10.i-k-e.net/map/真のグランゼドーラ城,"2026-03-13 18:12:24","2026-03-13 18:12:24"
426,18,真のグランゼドーラ城_西の塔,,town,https://dq10.i-k-e.net/map/真のグランゼドーラ城_西の塔,"2026-03-13 19:45:03","2026-03-13 19:45:03"
429,18,谷間の広場,,town,https://dq10.i-k-e.net/map/谷間の広場,"2026-03-13 19:45:34","2026-03-14 09:12:19"
430,18,ナルビアの町,,town,https://dq10.i-k-e.net/map/ナルビアの町,"2026-03-13 19:45:49","2026-03-13 19:45:49"
431,18,光の神殿,,town,https://dq10.i-k-e.net/map/光の神殿,"2026-03-13 19:46:09","2026-03-13 19:46:09"
432,18,マデ島,,town,https://dq10.i-k-e.net/map/マデ島,"2026-03-13 19:46:16","2026-03-13 19:46:16"
433,18,孤島の修道院,,town,https://dq10.i-k-e.net/map/孤島の修道院,"2026-03-13 19:46:19","2026-03-13 19:46:19"
434,18,新エテーネの村,,town,https://dq10.i-k-e.net/map/新エテーネの村,"2026-03-13 19:46:21","2026-03-13 19:46:21"
436,10,聖都エジャルナ,,town,https://dq10.i-k-e.net/map/聖都エジャルナ,"2026-03-13 19:46:29","2026-03-13 19:46:29"
437,10,アペカの村,,town,https://dq10.i-k-e.net/map/アペカの村,"2026-03-13 19:46:29","2026-03-13 19:46:29"
438,10,炎樹の丘,,hole,https://dq10.i-k-e.net/map/炎樹の丘,"2026-03-13 19:46:29","2026-03-13 19:46:29"
440,10,ナドラガ教団大神殿,,town,https://dq10.i-k-e.net/map/ナドラガ教団大神殿,"2026-03-13 19:46:53","2026-03-13 19:46:53"
441,10,イーサの村,,town,https://dq10.i-k-e.net/map/イーサの村,"2026-03-13 19:47:14","2026-03-13 19:47:14"
442,10,恵みの木,,field,https://dq10.i-k-e.net/map/恵みの木,"2026-03-13 19:47:14","2026-03-13 19:47:14"
444,10,カーラモーラ村,,town,https://dq10.i-k-e.net/map/カーラモーラ村,"2026-03-13 19:47:52","2026-03-13 19:47:52"
445,10,ナドラガ神のほこら・闇,,hole,https://dq10.i-k-e.net/map/ナドラガ神のほこら・闇,"2026-03-13 19:48:14","2026-03-13 19:48:14"
447,10,海底都市ルシュカ,,town,https://dq10.i-k-e.net/map/海底都市ルシュカ,"2026-03-13 19:48:29","2026-03-13 19:48:29"
449,10,カシャル海底神殿,,town,https://dq10.i-k-e.net/map/カシャル海底神殿,"2026-03-13 19:48:46","2026-03-13 19:48:46"
451,10,ムストの町・地下,,town,https://dq10.i-k-e.net/map/ムストの町・地下,"2026-03-13 19:49:16","2026-03-13 19:49:16"
463,14,古グランゼドーラ王国,,town,https://dq10.i-k-e.net/map/古グランゼドーラ王国,"2026-03-13 19:50:09","2026-03-14 09:24:22"
464,14,古グランゼドーラ城,,town,https://dq10.i-k-e.net/map/古グランゼドーラ城,"2026-03-13 19:50:19","2026-03-13 19:50:19"
466,7,オルセコ闘技城,,town,https://dq10.i-k-e.net/map/オルセコ闘技城,"2026-03-13 19:50:42","2026-03-21 07:20:02"
467,7,オルの船着き場,,town,https://dq10.i-k-e.net/map/オルの船着き場,"2026-03-13 19:51:01","2026-03-16 18:14:59"
468,7,獅子門・難民キャンプ,,town,https://dq10.i-k-e.net/map/獅子門・難民キャンプ,"2026-03-13 19:51:18","2026-03-13 19:51:18"
470,4,ウルベア地下帝国,,dungeon,https://dq10.i-k-e.net/map/ウルベア地下帝国,"2026-03-13 19:51:26","2026-03-13 19:51:26"
471,4,帝国技術庁,,town,https://dq10.i-k-e.net/map/帝国技術庁・第一庁舎,"2026-03-13 19:51:26","2026-03-13 19:51:26"
472,4,ウルベア帝国城,,town,https://dq10.i-k-e.net/map/ウルベア帝国城,"2026-03-13 19:51:48","2026-03-13 19:51:48"
473,4,帝国技術庁・第一庁舎,,town,https://dq10.i-k-e.net/map/帝国技術庁・第一庁舎,"2026-03-13 19:51:55","2026-03-13 19:51:55"
474,4,帝国技術庁・第ニ庁舎,,town,https://dq10.i-k-e.net/map/帝国技術庁・第ニ庁舎,"2026-03-13 19:51:57","2026-03-13 19:51:57"
476,2,アルウェーン管理棟,,town,https://dq10.i-k-e.net/map/アルウェーン管理棟,"2026-03-13 19:52:01","2026-03-14 09:26:37"
477,2,アルウェーンの町,,town,https://dq10.i-k-e.net/map/アルウェーンの町,"2026-03-13 19:52:01","2026-03-13 19:52:01"
478,2,アストルティア博物館,,town,https://dq10.i-k-e.net/map/アストルティア博物館,"2026-03-14 07:15:42","2026-03-14 09:26:48"
480,15,現・王都キィンベル,,town,https://dq10.i-k-e.net/map/現・王都キィンベル,"2026-03-14 07:16:09","2026-03-14 07:16:09"
481,15,現・辺境警備隊詰所,,town,https://dq10.i-k-e.net/map/現・辺境警備隊詰所,"2026-03-14 07:16:09","2026-03-14 09:27:16"
482,15,現・自由人の集落,,town,https://dq10.i-k-e.net/map/現・自由人の集落,"2026-03-14 07:16:09","2026-03-14 09:27:40"
483,15,現・王国軍司令部,,town,https://dq10.i-k-e.net/map/現・王国軍司令部,"2026-03-14 07:16:38","2026-03-14 07:16:38"
484,15,現・パドレア邸,,town,https://dq10.i-k-e.net/map/現・パドレア邸,"2026-03-14 07:16:38","2026-03-14 07:16:38"
485,20,大審門,,town,https://dq10.i-k-e.net/map/大審門,"2026-03-14 07:16:57","2026-03-14 07:16:57"
486,20,ゼクレス魔導国,,town,https://dq10.i-k-e.net/map/ゼクレス魔導国,"2026-03-14 07:17:07","2026-03-14 07:17:07"
487,20,ゼクレス城,,town,https://dq10.i-k-e.net/map/ゼクレス城,"2026-03-14 07:17:11","2026-03-14 07:17:11"
488,20,バルディスタ要塞,,town,https://dq10.i-k-e.net/map/バルディスタ要塞,"2026-03-14 07:17:18","2026-03-14 09:28:05"
489,20,バルディスタ城,,town,https://dq10.i-k-e.net/map/バルディスタ城,"2026-03-14 07:17:24","2026-03-14 07:17:24"
490,20,砂の都ファラザード,,town,https://dq10.i-k-e.net/map/砂の都ファラザード,"2026-03-14 07:17:30","2026-03-17 05:54:23"
491,20,ファラザード城,,town,https://dq10.i-k-e.net/map/ファラザード城,"2026-03-14 07:17:37","2026-03-14 07:17:37"
492,20,真・魔幻宮殿,,town,https://dq10.i-k-e.net/map/真・魔幻宮殿,"2026-03-14 07:17:44","2026-03-14 09:28:24"
493,20,朽ちた霊廟,,field,https://dq10.i-k-e.net/map/朽ちた霊廟,"2026-03-14 07:17:44","2026-03-14 07:17:44"
494,20,王都ネクロデア跡,,town,https://dq10.i-k-e.net/map/王都ネクロデア跡,"2026-03-14 07:18:06","2026-03-14 07:18:06"
495,20,トポルの村,,town,https://dq10.i-k-e.net/map/トポルの村,"2026-03-14 07:18:25","2026-03-14 07:18:25"
496,20,大魔王城,,town,https://dq10.i-k-e.net/map/大魔王城,"2026-03-14 07:18:37","2026-03-14 07:18:37"
499,20,ザードの祭壇,,field,https://dq10.i-k-e.net/map/ザードの祭壇,"2026-03-14 07:19:37","2026-03-14 07:19:37"
500,16,神都フォーリオン,,town,https://dq10.i-k-e.net/map/神都フォーリオン,"2026-03-14 07:19:39","2026-03-14 07:19:39"
501,16,フォーリオン外郭,,town,https://dq10.i-k-e.net/map/フォーリオン外郭,"2026-03-14 07:19:45","2026-03-14 09:30:23"
502,16,フォーリオン聖天区画,,town,https://dq10.i-k-e.net/map/フォーリオン聖天区画,"2026-03-14 07:19:45","2026-03-14 09:30:13"
503,16,聖天舎,,town,https://dq10.i-k-e.net/map/聖天舎,"2026-03-14 07:19:51","2026-03-14 09:30:17"
504,16,フォーリオン聖天区画_全体,,field,https://dq10.i-k-e.net/map/フォーリオン聖天区画_全体,"2026-03-14 07:20:01","2026-03-14 07:20:01"
505,16,そなえの場,,town,https://dq10.i-k-e.net/map/そなえの場,"2026-03-14 07:20:07","2026-03-14 09:31:14"
506,16,秘伝の間,,field,https://dq10.i-k-e.net/map/秘伝の間,"2026-03-14 07:20:27","2026-03-14 07:20:27"
507,16,神授の秘密殿,,field,https://dq10.i-k-e.net/map/神授の秘密殿,"2026-03-14 07:20:27","2026-03-14 07:20:27"
508,16,滅亡の砂漠,,field,https://dq10.i-k-e.net/map/滅亡の砂漠,"2026-03-14 07:21:55","2026-03-14 07:21:55"
509,16,惨禍の迷路,,field,https://dq10.i-k-e.net/map/惨禍の迷路,"2026-03-14 07:22:06","2026-03-14 07:22:06"
510,16,落日の原野,,field,https://dq10.i-k-e.net/map/落日の原野,"2026-03-14 07:22:09","2026-03-14 07:22:09"
511,16,逆夢の水晶宮,,field,https://dq10.i-k-e.net/map/逆夢の水晶宮,"2026-03-14 07:22:12","2026-03-14 07:22:12"
513,16,薄明の小路,,town,https://dq10.i-k-e.net/map/薄明の小路,"2026-03-14 07:22:24","2026-03-14 07:22:24"
514,16,悔恨の牢獄,,dungeon,https://dq10.i-k-e.net/map/悔恨の牢獄,"2026-03-14 07:22:28","2026-03-14 07:22:28"
515,16,追想の王国,,town,https://dq10.i-k-e.net/map/追想の王国,"2026-03-14 07:22:38","2026-03-14 07:22:38"
516,16,王国の悪夢,,dungeon,https://dq10.i-k-e.net/map/王国の悪夢,"2026-03-14 07:22:50","2026-03-14 07:22:50"
517,16,天使の墓所,,dungeon,https://dq10.i-k-e.net/map/天使の墓所,"2026-03-14 07:23:20","2026-03-14 07:23:20"
518,16,古フォーリオン,,town,https://dq10.i-k-e.net/map/古フォーリオン,"2026-03-14 07:23:22","2026-03-14 09:34:06"
519,16,古とこしえの神殿,,dungeon,https://dq10.i-k-e.net/map/古とこしえの神殿,"2026-03-14 07:23:28","2026-03-14 07:23:28"
520,16,星羅の天宮,,town,https://dq10.i-k-e.net/map/星羅の天宮,"2026-03-14 07:23:28","2026-03-14 09:34:12"
560,13,古・バントリユ地方,,field,https://draquex.com/map/kyu-1.php,"2026-03-14 15:37:45","2026-03-16 18:05:36"
561,13,古・エテーネ王国領,,field,https://draquex.com/map/kyu-2.php,"2026-03-14 15:37:50","2026-03-16 18:05:57"
562,13,古・ティプローネ高地,,field,https://draquex.com/map/kyu-3.php,"2026-03-14 15:37:55","2026-03-16 18:06:12"
563,13,廃墟のドミネウス邸,,field,https://draquex.com/map/kyu-4.php,"2026-03-14 15:37:59","2026-03-16 18:06:37"
564,13,古・残響の海蝕洞,,field,https://draquex.com/map/kyu-5.php,"2026-03-14 15:38:05","2026-03-16 18:07:44"
565,13,イル・ラビリンス,,field,https://draquex.com/map/kyu-6.php,"2026-03-14 15:38:11","2026-03-16 18:07:59"
566,13,王立アルケミア,,field,https://draquex.com/map/kyu-7.php,"2026-03-14 15:38:18","2026-03-16 18:09:33"
567,13,マデ神殿,,field,https://draquex.com/map/kyu-28.php,"2026-03-14 15:38:41","2026-03-16 18:09:55"
568,14,古レビュール街道南,,field,https://draquex.com/map/kyu-8.php,"2026-03-14 15:38:54","2026-03-16 18:12:43"
569,14,古レビュール街道北,,field,https://draquex.com/map/kyu-9.php,"2026-03-14 15:38:58","2026-03-16 18:13:12"
570,14,古グランゼドーラ領,,field,https://draquex.com/map/kyu-10.php,"2026-03-14 15:39:07","2026-03-16 18:13:26"
571,14,古ロヴォス高地,,field,https://draquex.com/map/kyu-11.php,"2026-03-14 15:39:16","2026-03-16 18:13:37"
572,14,神儀の護堂,,field,https://draquex.com/map/kyu-12.php,"2026-03-14 15:39:20","2026-03-16 18:14:15"
573,7,オルセコ王国領,,field,https://draquex.com/map/kyu-13.php,"2026-03-14 15:39:30","2026-03-16 18:15:11"
574,7,ドランド平原,,field,https://draquex.com/map/kyu-14.php,"2026-03-14 15:43:14","2026-03-16 18:15:40"
575,7,雄峰ランドン,,field,https://draquex.com/map/kyu-15.php,"2026-03-14 15:43:20","2026-03-16 18:15:47"
576,7,辺境の雪山,,field,https://draquex.com/map/kyu-16.php,"2026-03-14 15:43:24","2026-03-16 18:15:56"
577,7,鬼岩城,,field,https://draquex.com/map/kyu-17.php,"2026-03-14 15:43:31","2026-03-16 18:16:23"
578,7,ダズの船着き場,,field,https://draquex.com/map/kyu-18.php,"2026-03-14 15:43:38","2026-03-16 18:16:32"
579,7,太古の氷穴,,field,https://draquex.com/map/kyu-19.php,"2026-03-14 15:43:42","2026-03-16 18:16:39"
580,7,雪虫の洞くつ,,field,https://draquex.com/map/kyu-20.php,"2026-03-14 15:43:46","2026-03-16 18:16:49"
581,4,ダラズ大鉱脈,,field,https://draquex.com/map/kyu-21.php,"2026-03-14 15:43:51","2026-03-16 18:18:39"
582,4,カルデア溶岩帯,,field,https://draquex.com/map/kyu-22.php,"2026-03-14 15:43:55","2026-03-16 18:18:46"
583,4,ガタラ大山林,,field,https://draquex.com/map/kyu-23.php,"2026-03-14 15:44:03","2026-03-16 18:19:00"
584,4,灼熱の溶岩窟,,field,https://draquex.com/map/kyu-24.php,"2026-03-14 15:44:08","2026-03-16 18:19:08"
585,4,古グルグ地下道,,field,https://draquex.com/map/kyu-25.php,"2026-03-14 15:44:12","2026-03-16 18:19:16"
586,2,自然遺産保護区,,field,https://draquex.com/map/kyu-26.php,"2026-03-14 15:44:18","2026-03-16 18:20:09"
587,2,宇宙船・立入禁止区画,,field,https://draquex.com/map/kyu-27.php,"2026-03-14 15:44:34","2026-03-16 18:20:53"
588,19,エルトナの混沌,,field,https://draquex.com/map/kyu-29.php,"2026-03-14 15:44:58","2026-03-16 18:22:27"
589,19,ナドラガンドの混沌,,field,https://draquex.com/map/kyu-30.php,"2026-03-14 15:45:03","2026-03-16 18:22:44"
609,20,ルクスガルン大空洞,,field,https://draquex.com/map/makai-21.php,"2026-03-14 16:12:58","2026-03-18 07:03:40"
611,17,レストリア平野,,field,https://draquex.com/map/hate-1.php,"2026-03-14 16:22:58","2026-03-16 15:09:53"
612,17,シュタール鉱野,,field,https://draquex.com/map/hate-2.php,"2026-03-14 16:23:03","2026-03-16 15:10:00"
613,17,タービア草原,,field,https://draquex.com/map/hate-3.php,"2026-03-14 16:23:08","2026-03-16 15:10:06"
614,17,ハディン採石場,,field,https://draquex.com/map/hate-4.php,"2026-03-14 16:23:16","2026-03-16 15:10:15"
616,17,ラランブラ山道,,field,https://draquex.com/map/hate-5.php,"2026-03-14 16:23:26","2026-03-16 15:10:23"
617,17,宵の神殿,,field,https://draquex.com/map/hate-6.php,"2026-03-14 16:26:25","2026-03-18 07:09:38"
618,17,ムニエカ地方,,field,https://draquex.com/map/hate-7.php,"2026-03-14 16:26:33","2026-03-16 15:10:42"
619,17,結晶の森,,field,https://draquex.com/map/hate-8.php,"2026-03-14 16:26:41","2026-03-16 15:10:52"
620,17,ウォルド地方,,field,https://draquex.com/map/hate-9.php,"2026-03-14 16:26:46","2026-03-16 15:11:04"
621,17,ムニエカ・隠し通路,,dungeon,https://draquex.com/map/hate-15.php,"2026-03-14 16:27:20","2026-03-18 07:10:26"
624,6,死せる結晶の荒野,,field,,"2026-03-18 06:39:31","2026-03-18 07:11:14"
625,20,バルメシュケの研究所,,dungeon,,"2026-03-18 07:12:06","2026-03-18 07:13:13"
629,6,古代オルセコ闘技場,,dungeon,,"2026-03-21 07:21:24","2026-03-21 07:21:24"
