id,name,name_en,color,effect,created_at,updated_at
1,不屈の闘志,Indomitable Spirit,炎,さいだいHP上昇,2026-03-12 05:56:22,2026-03-12 05:56:22
2,深淵なる叡智,Refined Mind,炎,さいだいMP上昇,2026-03-12 05:56:22,2026-03-12 05:56:22
3,武神の豪腕,Strong Arm,炎,ちから上昇,2026-03-12 05:56:22,2026-03-12 05:56:22
4,鋼鉄の肉体,Thick Skinned,炎,みのまもり上昇,2026-03-12 05:56:22,2026-03-12 05:56:22
5,大賢者の御手,Sage's Spirit,炎,こうげき魔力上昇,2026-03-12 05:56:22,2026-03-12 05:56:22
6,いつくしむ心,Merciful Heart,炎,かいふく魔力上昇,2026-03-12 05:56:22,2026-03-12 05:56:22
7,韋駄天の足,Fleet Feet,炎,すばやさ上昇,2026-03-12 05:56:22,2026-03-12 05:56:22
8,神業の手,Masterful Hand,炎,きようさ上昇,2026-03-12 05:56:22,2026-03-12 05:56:22
9,ふんばり魂,Firm Footed,炎,おもさ上昇,2026-03-12 05:56:22,2026-03-12 05:56:22
10,戦場のヴィーナス,Battlefield Venus,炎,みりょく上昇,2026-03-12 05:56:22,2026-03-12 05:56:22
11,魔術の深淵,Arcane Abyss,炎,こうげき魔力・かいふく魔力上昇,2026-03-12 05:56:22,2026-03-12 05:56:22
12,会心練磨,Critical Faculties,炎,会心率と呪文暴走率上昇,2026-03-12 05:56:22,2026-03-12 05:56:22
13,先見の眼,Foreseer's Eye,炎,身かわし率上昇,2026-03-12 05:56:22,2026-03-12 05:56:22
14,堅守の心得,Defender's Discipline,炎,盾ガード率上昇,2026-03-12 05:56:22,2026-03-12 05:56:22
15,鉄壁の炎耐性,Ironclad Fire Resistance,炎,炎属性のダメージ減,2026-03-12 05:56:22,2026-03-12 05:56:22
16,鉄壁の氷耐性,Ironclad Ice Resistance,炎,氷属性のダメージ減,2026-03-12 05:56:22,2026-03-12 05:56:22
17,鉄壁の風耐性,Ironclad Wind Resistance,炎,風属性のダメージ減,2026-03-12 05:56:22,2026-03-12 05:56:22
18,鉄壁の雷耐性,Ironclad Lightning Resistance,炎,雷属性のダメージ減,2026-03-12 05:56:22,2026-03-12 05:56:22
19,鉄壁の土耐性,Ironclad Earth Resistance,炎,土属性のダメージ減,2026-03-12 05:56:22,2026-03-12 05:56:22
20,鉄壁の闇耐性,Ironclad Dark Resistance,炎,闇属性のダメージ減,2026-03-12 05:56:22,2026-03-12 05:56:22
21,鉄壁の光耐性,Ironclad Light Resistance,炎,光属性のダメージ減,2026-03-12 05:56:22,2026-03-12 05:56:22
22,鉄壁の攻撃呪文耐性,Ironclad Offensive Spell Resistance,炎,呪文ダメージ減,2026-03-12 05:56:22,2026-03-12 05:56:22
23,鉄壁のブレス耐性,Ironclad Breath Resistance,炎,ブレスダメージ減,2026-03-12 05:56:22,2026-03-12 05:56:22
24,不滅のテンション,Undying Tension,水,死亡時、たまに【テンションアップ】が消えない,2026-03-12 05:56:23,2026-03-12 05:56:23
25,不滅の攻撃力アップ,Undying Attack Up,水,死亡時、たまに【攻撃力上昇】が消えない,2026-03-12 05:56:23,2026-03-12 05:56:23
26,不滅の攻撃呪文強化,Undying Offensive Spell Boost,水,死亡時、たまに【攻撃呪文強化】が消えない（Ver.7.1まではLv1につき3%）,2026-03-12 05:56:23,2026-03-12 05:56:23
27,不滅の回復呪文強化,Undying Healing Spell Boost,水,死亡時、たまに【回復呪文強化】が消えない,2026-03-12 05:56:23,2026-03-12 05:56:23
28,不滅の早詠み,Undying Fast Chant,水,死亡時、たまに【詠唱時間短縮】が消えない（Ver.7.1まではLv1につき3%）,2026-03-12 05:56:23,2026-03-12 05:56:23
29,不滅の呪文ダメージ限界突破,Undying Spell Damage Cap Break,水,死亡時、たまに【呪文ダメージ限界突破】が消えない魔使専用,2026-03-12 05:56:23,2026-03-12 05:56:23
30,不滅の魅惑の水晶球,Undying Alluring Crystal Ball,水,死亡時、たまに【魅惑の水晶球】が消えない占い師専用,2026-03-12 05:56:23,2026-03-12 05:56:23
31,鉄壁のマヒガード,Ironclad Paralysis Guard,水,マヒガード上昇,2026-03-12 05:56:23,2026-03-12 05:56:23
32,鉄壁の眠りガード,Ironclad Sleep Guard,水,眠りガード上昇,2026-03-12 05:56:23,2026-03-12 05:56:23
33,鉄壁の混乱ガード,Ironclad Confusion Guard,水,混乱ガード上昇,2026-03-12 05:56:23,2026-03-12 05:56:23
34,鉄壁の即死ガード,Ironclad Instant Death Guard,水,即死ガード上昇,2026-03-12 05:56:23,2026-03-12 05:56:23
35,鉄壁のどくガード,Ironclad Poison Guard,水,毒ガード上昇,2026-03-12 05:56:23,2026-03-12 05:56:23
36,鉄壁の封印ガード,Ironclad Seal Guard,水,封印ガード上昇,2026-03-12 05:56:23,2026-03-12 05:56:23
37,鉄壁の幻惑ガード,Ironclad Dazzle Guard,水,幻惑ガード上昇,2026-03-12 05:56:23,2026-03-12 05:56:23
38,鉄壁の転びガード,Ironclad Stumble Guard,水,転びガード上昇,2026-03-12 05:56:23,2026-03-12 05:56:23
39,鉄壁のおびえガード,Ironclad Terror Guard,水,おびえガード上昇,2026-03-12 05:56:23,2026-03-12 05:56:23
40,鉄壁のしばりガード,Ironclad Bind Guard,水,しばりガード上昇,2026-03-12 05:56:23,2026-03-12 05:56:23
41,鉄壁の踊りガード,Ironclad Dance Guard,水,踊らされガード上昇,2026-03-12 05:56:23,2026-03-12 05:56:23
42,鉄壁の笑いガード,Ironclad Laughter Guard,水,笑いガード上昇,2026-03-12 05:56:23,2026-03-12 05:56:23
43,鉄壁の魅了ガード,Ironclad Charm Guard,水,魅了ガード上昇,2026-03-12 05:56:23,2026-03-12 05:56:23
44,鉄壁の呪いガード,Ironclad Curse Guard,水,呪いガード上昇,2026-03-12 05:56:23,2026-03-12 05:56:23
45,鉄壁のMP吸収ガード,Ironclad MP Drain Guard,水,MP吸収ガード上昇,2026-03-12 05:56:23,2026-03-12 05:56:23
46,鉄壁のみとれガード,Ironclad Beguile Guard,水,みとれガード上昇,2026-03-12 05:56:23,2026-03-12 05:56:23
47,鉄壁のはどうガード,Ironclad Disruption Guard,水,はどうガード上昇,2026-03-12 05:56:23,2026-03-12 05:56:23
48,鉄壁の会心完全ガード,Ironclad Critical Block,水,たまに痛恨の一撃・呪文暴走を無効化,2026-03-12 05:56:23,2026-03-12 05:56:23
49,鉄壁のふっとびガード,Ironclad Blow-Away Guard,水,ふっとびガード上昇（Ver.5.1まではLv1につき1%）,2026-03-12 05:56:23,2026-03-12 05:56:23
50,鉄壁の各弱体系耐性,Ironclad Debuff Resistance,水,各弱体系耐性上昇,2026-03-12 05:56:23,2026-03-12 05:56:23
51,ホイミ系呪文の奇跡,Heal Spells Miracle,水,【ホイミ系】呪文の回復量上昇,2026-03-12 05:56:23,2026-03-12 05:56:23
52,ザオの戦域,Zin Beat,水,【ザオ】の射程距離延長,2026-03-12 05:56:23,2026-03-12 05:56:23
53,ザオラルとザオリクの戦域,Zing and Kazing Beat,水,【ザオラル】【ザオリク】の射程距離延長,2026-03-12 05:56:23,2026-03-12 05:56:23
54,ヘナトス系の技巧,Blunt Knack,水,【ヘナトス】【ヘナトール】の成功率上昇,2026-03-12 05:56:23,2026-03-12 05:56:23
55,ルカニ系呪文の技巧,Sap Knack,水,【ルカニ】【ルカナン】の成功率上昇,2026-03-12 05:56:23,2026-03-12 05:56:23
56,ボミエ系呪文の技巧,Decelerate Knack,水,【ボミエ】【ボミオス】の成功率上昇,2026-03-12 05:56:23,2026-03-12 05:56:23
57,ディバインスペルの技巧,Anathematise Knack,水,【ディバインスペル】の成功率上昇,2026-03-12 05:56:23,2026-03-12 05:56:23
58,ラリホー系呪文の技巧,Snooze Knack,水,【ラリホー】【ラリホーマ】の成功率上昇,2026-03-12 05:56:23,2026-03-12 05:56:23
59,メダパニ系呪文の技巧,Fuddle Knack,水,【メダパニ】【メダパニーマ】の成功率上昇,2026-03-12 05:56:23,2026-03-12 05:56:23
60,マホトーンの技巧,Fizzle Knack,水,【マホトーン】の成功率上昇,2026-03-12 05:56:23,2026-03-12 05:56:23
61,マヌーサの技巧,Dazzle Knack,水,【マヌーサ】の成功率上昇,2026-03-12 05:56:23,2026-03-12 05:56:23
62,ヴェレ系の技巧,Tox Knack,水,【ヴェレ】【ヴェレーノ】【ヴェレノーマ】の成功率上昇,2026-03-12 05:56:23,2026-03-12 05:56:23
63,ルカニの盾,Sap Shield,水,武器・盾ガード時、たまに攻撃した敵に【守備力低下】1段階（Ver.5.1まではLv1につき2%）,2026-03-12 05:56:23,2026-03-12 05:56:23
64,ヘナトスの盾,Blunt Shield,水,武器・盾ガード時、たまに攻撃した敵に【攻撃力低下】1段階（Ver.5.1まではLv1につき2%）,2026-03-12 05:56:23,2026-03-12 05:56:23
65,ぶきみなひかりの盾,Eerie Light Shield,水,武器・盾ガード時、たまに攻撃した敵に【呪文耐性低下】1段階,2026-03-12 05:56:23,2026-03-12 05:56:23
66,復活のHP回復量アップ,Revival HP Recovery Up,水,自分が蘇生されたときのHP回復量が最大HPの一定割合分増える,2026-03-12 05:56:23,2026-03-12 05:56:23
67,忍耐のMP回復,Patient MP Recovery,水,ダメージを受けた時、確率（上段）でそのダメージの一定割合（下段）分MPが回復,2026-03-12 05:56:23,2026-03-12 05:56:23
68,逆境の身かわしアップ,Adversity Evasion Up,水,ダメージでHPが25%を下回った時たまに自分にみかわし率30%アップ,2026-03-12 05:56:23,2026-03-12 05:56:23
69,復讐のテンションアップ,Vim for Vendetta,風,味方死亡時、たまに自分に【テンションアップ】1段階,2026-03-12 05:56:24,2026-03-12 05:56:24
70,復讐のバイシオン,Avenging Baision,風,味方死亡時、たまに自分に【攻撃力上昇】1段階,2026-03-12 05:56:24,2026-03-12 05:56:24
71,復讐のスカラ,Avenging Scala,風,味方死亡時、たまに自分に【守備力上昇】1段階,2026-03-12 05:56:24,2026-03-12 05:56:24
72,復讐の攻撃呪文威力アップ,Avenging Offensive Spell Power Up,風,味方死亡時、たまに自分に【攻撃呪文強化】2段階,2026-03-12 05:56:24,2026-03-12 05:56:24
73,復讐の早詠みの杖,Avenging Fast Chant Staff,風,味方死亡時、たまに自分に【詠唱時間短縮】,2026-03-12 05:56:24,2026-03-12 05:56:24
74,復讐の聖なる祈り,Avenging Sacred Prayer,風,味方死亡時、たまに自分に【回復呪文強化】2段階,2026-03-12 05:56:24,2026-03-12 05:56:24
75,復讐の聖女の守り,Avenging Saintly Veil,風,味方死亡時、たまに自分に【聖女の守り】,2026-03-12 05:56:24,2026-03-12 05:56:24
76,復讐の呪文耐性上昇,Avenging Spell Resistance Up,風,味方死亡時、たまに自分に【呪文耐性上昇】,2026-03-12 05:56:24,2026-03-12 05:56:24
77,復讐のブレス耐性上昇,Avenging Breath Resistance Up,風,味方死亡時、たまに自分に【ブレス耐性上昇】,2026-03-12 05:56:24,2026-03-12 05:56:24
78,果てなき聖女の守り,Endless Saintly Veil,風,発生手段を問わず、自分にかかる【聖女の守り】の効果時間を延長,2026-03-12 05:56:24,2026-03-12 05:56:24
79,果てなき攻撃力アップ,Endless Attack Up,風,発生手段を問わず、自分にかかる【攻撃力上昇】の効果時間を延長,2026-03-12 05:56:24,2026-03-12 05:56:24
80,果てなき守備力アップ,Endless Defence Up,風,発生手段を問わず、自分にかかる【守備力上昇】の効果時間を延長,2026-03-12 05:56:24,2026-03-12 05:56:24
81,果てなき攻撃呪文威力アップ,Endless Offensive Spell Power Up,風,発生手段を問わず、自分にかかる【攻撃呪文強化】の効果時間を延長,2026-03-12 05:56:24,2026-03-12 05:56:24
82,果てなき回復呪文威力アップ,Endless Healing Spell Power Up,風,発生手段を問わず、自分にかかる【回復呪文強化】の効果時間を延長,2026-03-12 05:56:24,2026-03-12 05:56:24
83,禁断のMPアップ,Brains over Brawn,風,最大MP上昇（上段）＆最大HP低下（下段）,2026-03-12 05:56:24,2026-03-12 05:56:24
84,禁断のちからアップ,Forbidden Strength Up,風,ちから上昇（上段）＆みのまもり低下（下段）,2026-03-12 05:56:24,2026-03-12 05:56:24
85,禁断のおもさアップ,Forbidden Weight Up,風,おもさ上昇（上段）＆移動速度低下（下段）,2026-03-12 05:56:24,2026-03-12 05:56:24
86,禁断のこうげき魔力アップ,Forbidden Magical Might Up,風,攻撃魔力上昇（上段）＆最大HP低下（下段）,2026-03-12 05:56:24,2026-03-12 05:56:24
87,禁断のかいふく魔力アップ,Forbidden Magical Mending Up,風,回復魔力上昇（上段）＆最大MP低下（下段）,2026-03-12 05:56:24,2026-03-12 05:56:24
88,禁断のHPアップ,Forbidden HP Up,風,最大HP上昇（上段）＆最大MP低下（下段）,2026-03-12 05:56:24,2026-03-12 05:56:24
89,禁断のきようさアップ,Forbidden Deftness Up,風,きようさ上昇（上段）＆すばやさ低下（下段）,2026-03-12 05:56:24,2026-03-12 05:56:24
90,始まりのヘナトス,Initial Blunt,風,戦闘開始時、たまにランダムな敵1体に【攻撃力低下】1段階,2026-03-12 05:56:24,2026-03-12 05:56:24
91,始まりのルカニ,Initial Sap,風,戦闘開始時、たまにランダムな敵1体に【守備力低下】1段階,2026-03-12 05:56:24,2026-03-12 05:56:24
92,始まりのボミエ,Initial Deceleratle,風,戦闘開始時、たまにランダムな敵1体に【行動間隔延長】1段階,2026-03-12 05:56:24,2026-03-12 05:56:24
93,始まりのぶきみなひかり,Initial Eerie Light,風,戦闘開始時、たまにランダムな敵1体に【呪文耐性低下】1段階,2026-03-12 05:56:24,2026-03-12 05:56:24
94,始まりの重さダウン,Initial Weight Down,風,戦闘開始時、たまにランダムな敵1体に【おもさ減少】,2026-03-12 05:56:24,2026-03-12 05:56:24
95,始まりのラリホー,Initial Snooze,風,戦闘開始時、たまにランダムな敵1体に【眠り】,2026-03-12 05:56:24,2026-03-12 05:56:24
96,始まりのチャージタイム短縮,Initial Charge Time Cut,風,戦闘開始時、たまに自分にCT10秒短縮,2026-03-12 05:56:24,2026-03-12 05:56:24
97,始まりのバイシオン,Initial Baision,風,戦闘開始時、たまに自分に【攻撃力上昇】1段階,2026-03-12 05:56:24,2026-03-12 05:56:24
98,始まりの聖女の守り,Initial Saintly Veil,風,戦闘開始時、たまに自分に【聖女の守り】,2026-03-12 05:56:24,2026-03-12 05:56:24
99,始まりのキラキラポーン,Initial Sparkle,風,戦闘開始時、たまに自分に【キラキラポーン】,2026-03-12 05:56:24,2026-03-12 05:56:24
100,始まりの移動速度アップ,Initial Movement Speed Up,風,戦闘開始時、たまに自分に移動速度50%アップ,2026-03-12 05:56:24,2026-03-12 05:56:24
101,始まりのHPアップ,Initial HP Up,風,戦闘開始時、たまに自分に最大HP50アップ,2026-03-12 05:56:24,2026-03-12 05:56:24
102,メラ系呪文の瞬き,Frizz Quick Chant,風,【メラ系】呪文の詠唱速度上昇,2026-03-12 05:56:24,2026-03-12 05:56:24
103,ヒャド系呪文の瞬き,Crack Quick Chant,風,【ヒャド系】呪文の詠唱速度上昇,2026-03-12 05:56:24,2026-03-12 05:56:24
104,イオ系呪文の瞬き,Bang Quick Chant,風,【イオ系】呪文の詠唱速度上昇,2026-03-12 05:56:24,2026-03-12 05:56:24
105,バギ系呪文の瞬き,Woosh Quick Chant,風,【バギ系】呪文の詠唱速度上昇（【コーラルレイン】【メイルストロム】も含む）,2026-03-12 05:56:24,2026-03-12 05:56:24
106,ドルマ系呪文の瞬き,Zam Quick Chant,風,【ドルマ系】呪文の詠唱速度上昇,2026-03-12 05:56:24,2026-03-12 05:56:24
107,ギラ系呪文の瞬き,Sizz Quick Chant,風,【ギラ系】呪文の詠唱速度上昇,2026-03-12 05:56:24,2026-03-12 05:56:24
108,ドガン系呪文の瞬き,Crash Quick Chant,風,【ドガン系】呪文の詠唱速度上昇,2026-03-12 05:56:24,2026-03-12 05:56:24
109,ジバ系呪文の瞬き,Jiba Spells Quick Chant,風,【ジバリア系】呪文の詠唱速度上昇,2026-03-12 05:56:24,2026-03-12 05:56:24
110,マダンテの瞬き,Magic Burst Quick Chant,風,【マダンテ】の詠唱速度上昇,2026-03-12 05:56:24,2026-03-12 05:56:24
111,マホトラの瞬き,Drain Magic Quick Chant,風,【マホトラ】の詠唱速度上昇,2026-03-12 05:56:24,2026-03-12 05:56:24
112,ホイミ系呪文の瞬き,Heal Quick Chant,風,【ホイミ系】呪文の詠唱速度上昇,2026-03-12 05:56:24,2026-03-12 05:56:24
113,ザオの瞬き,Zin Quick Chant,風,【ザオ】の詠唱速度上昇,2026-03-12 05:56:24,2026-03-12 05:56:24
114,ザオラルの瞬き,Zing Quick Chant,風,【ザオラル】の詠唱速度上昇,2026-03-12 05:56:24,2026-03-12 05:56:24
115,ザオリクの瞬き,Kazing Quick Chant,風,【ザオリク】の詠唱速度上昇,2026-03-12 05:56:24,2026-03-12 05:56:24
116,バイキルト系呪文の瞬き,Oomphle Quick Chant,風,【バイシオン】【バイキルト】の詠唱速度上昇,2026-03-12 05:56:24,2026-03-12 05:56:24
117,スカラ系呪文の瞬き,Buff Quick Chant,風,【スカラ】【スクルト】の詠唱速度上昇,2026-03-12 05:56:24,2026-03-12 05:56:24
118,ピオラ系呪文の瞬き,Accelerate Quick Chant,風,【ピオラ】【ピオリム】の詠唱速度上昇,2026-03-12 05:56:24,2026-03-12 05:56:24
119,フバーハ系呪文の瞬き,Insulatle Quick Chant,風,【バーハ】【フバーハ】の詠唱速度上昇,2026-03-12 05:56:24,2026-03-12 05:56:24
120,マジックバリアの瞬き,Magic Barrier Quick Chant,風,【マジックバリア】の詠唱速度上昇,2026-03-12 05:56:24,2026-03-12 05:56:24
121,ズッシードの瞬き,Thunk Quick Chant,風,【ズッシード】の詠唱速度上昇,2026-03-12 05:56:24,2026-03-12 05:56:24
122,マホカンタ系呪文の瞬き,Bounce Quick Chant,風,【マホターン】【マホカンタ】の詠唱速度上昇,2026-03-12 05:56:24,2026-03-12 05:56:24
123,マホキテの瞬き,Absorb Magic Quick Chant,風,【マホキテ】の詠唱速度上昇,2026-03-12 05:56:24,2026-03-12 05:56:24
124,ヘナトス系の瞬き,Blunt Quick Chant,風,【ヘナトス】【ヘナトール】の詠唱速度上昇,2026-03-12 05:56:24,2026-03-12 05:56:24
125,ルカニ系呪文の瞬き,Sap Quick Chant,風,【ルカニ】【ルカナン】の詠唱速度上昇,2026-03-12 05:56:24,2026-03-12 05:56:24
126,ボミエ系呪文の瞬き,Decelerate Quick Chant,風,【ボミエ】【ボミオス】の詠唱速度上昇,2026-03-12 05:56:24,2026-03-12 05:56:24
127,ディバインスペルの瞬き,Anathematise Quick Chant,風,【ディバインスペル】の詠唱速度上昇,2026-03-12 05:56:24,2026-03-12 05:56:24
128,ラリホー系呪文の瞬き,Snooze Quick Chant,風,【ラリホー】【ラリホーマ】の詠唱速度上昇,2026-03-12 05:56:24,2026-03-12 05:56:24
129,メダパニ系呪文の瞬き,Fuddle Quick Chant,風,【メダパニ】【メダパニーマ】の詠唱速度上昇,2026-03-12 05:56:24,2026-03-12 05:56:24
130,マホトーンの瞬き,Fizzle Quick Chant,風,【マホトーン】の詠唱速度上昇,2026-03-12 05:56:24,2026-03-12 05:56:24
131,マヌーサの瞬き,Dazzle Quick Chant,風,【マヌーサ】の詠唱速度上昇,2026-03-12 05:56:24,2026-03-12 05:56:24
132,ヴェレ系の瞬き,Tox Quick Chant,風,【ヴェレ】【ヴェレーノ】【ヴェレノーマ】の詠唱速度上昇,2026-03-12 05:56:24,2026-03-12 05:56:24
133,奇跡の会心攻撃,Miraculous Critical Attack,風,会心の一撃・呪文暴走時のダメージ上昇,2026-03-12 05:56:24,2026-03-12 05:56:24
134,打たれ名人,Master of Taking Hits,風,【被ダメージ軽減】,2026-03-12 05:56:24,2026-03-12 05:56:24
135,勝ちどきMP回復,Victory MP Recovery,風,敵を倒すとMP回復,2026-03-12 05:56:24,2026-03-12 05:56:24
136,気まぐれな追撃,Whimsical Follow-Up,風,CT技以外の呪文・特技使用時、たまに2回行動,2026-03-12 05:56:24,2026-03-12 05:56:24
137,共鳴のテンションアップ,Resonant Tension Up,風,仲間のテンションアップ時たまに自分のテンションもアップ,2026-03-12 05:56:24,2026-03-12 05:56:24
138,終わりのHP回復,End-of-Turn HP Recovery,風,戦闘終了時、自分のHP回復,2026-03-12 05:56:24,2026-03-12 05:56:24
139,メラ系とギラ系呪文の極意,メラ系 and Sizz Spells Mastery,光,【メラ系】【ギラ系】呪文のダメージ上昇,2026-03-12 05:56:27,2026-03-12 05:56:27
140,メラ系とギラ系呪文の真髄,メラ系 and Sizz Spells Essence,光,メラ系・ギラ系呪文のテンションアップ時ダメージ上昇,2026-03-12 05:56:27,2026-03-12 05:56:27
141,ヒャド系呪文の極意,Crack Spells Mastery,光,【ヒャド系】呪文のダメージ上昇,2026-03-12 05:56:27,2026-03-12 05:56:27
142,ヒャド系呪文の真髄,Crack Spells Essence,光,ヒャド系呪文のテンションアップ時ダメージ上昇,2026-03-12 05:56:27,2026-03-12 05:56:27
143,イオ系呪文の極意,Bang Spells Mastery,光,【イオ系】呪文のダメージ上昇,2026-03-12 05:56:27,2026-03-12 05:56:27
144,イオ系呪文の真髄,Bang Spells Essence,光,イオ系呪文のテンションアップ時ダメージ上昇,2026-03-12 05:56:27,2026-03-12 05:56:27
145,バギ系呪文の極意,Woosh Spells Mastery,光,【バギ系】呪文のダメージ上昇,2026-03-12 05:56:27,2026-03-12 05:56:27
146,バギ系呪文の真髄,Woosh Spells Essence,光,バギ系呪文のテンションアップ時ダメージ上昇,2026-03-12 05:56:27,2026-03-12 05:56:27
147,ドルマ系呪文の極意,Zam Spells Mastery,光,【ドルマ系】呪文のダメージ上昇,2026-03-12 05:56:27,2026-03-12 05:56:27
148,ドルマ系呪文の真髄,Zam Spells Essence,光,ドルマ系呪文のテンションアップ時ダメージ上昇,2026-03-12 05:56:27,2026-03-12 05:56:27
149,ドガン系とジバ系呪文の極意,ドガン系 and Jiba Spells Mastery,光,【ドガン系】【ジバリア系】呪文のダメージ上昇,2026-03-12 05:56:27,2026-03-12 05:56:27
150,ドガン系呪文の真髄,Dogan Spells Essence,光,ドガン系呪文のテンションアップ時ダメージ上昇,2026-03-12 05:56:27,2026-03-12 05:56:27
151,マダンテの極意,Magic Burst Mastery,光,【マダンテ】のダメージ上昇,2026-03-12 05:56:27,2026-03-12 05:56:27
152,戦士の閃き,Warrior Insight,光,戦士である間、必殺チャージ率上昇,2026-03-12 05:56:27,2026-03-12 05:56:27
153,会心必中の極意,Critical Claim Mastery,光,【会心必中】のダメージ上昇（Ver.5.1まではLv1につき3%）,2026-03-12 05:56:27,2026-03-12 05:56:27
154,かばうの極意,Whipping Boy Mastery,光,【かばう】中、さらに固定値で被ダメージ軽減,2026-03-12 05:56:27,2026-03-12 05:56:27
155,ロストアタックの極意,Morale Masher Mastery,光,【ロストアタック】のダメージ上昇（Ver.3.0前期まではLv1につき5%）,2026-03-12 05:56:27,2026-03-12 05:56:27
156,たいあたりの極意,Body Slam Mastery,光,【たいあたり】のダメージ上昇,2026-03-12 05:56:27,2026-03-12 05:56:27
157,やいばくだきの極意,Attack Attacker Mastery,光,【やいばくだき】のダメージ上昇,2026-03-12 05:56:27,2026-03-12 05:56:27
158,チャージタックルの極意,Charge Tackle Mastery,光,【チャージタックル】のダメージ上昇（Ver.3.0前期まではLv1につき3%）,2026-03-12 05:56:27,2026-03-12 05:56:27
159,真・やいばくだきの極意,True Attack Attacker Mastery,光,【真・やいばくだき】のダメージ上昇,2026-03-12 05:56:27,2026-03-12 05:56:27
160,真・やいばくだきの技巧,True Attack Attacker Knack,光,真・やいばくだきの成功率上昇,2026-03-12 05:56:27,2026-03-12 05:56:27
161,僧侶の閃き,Priest Insight,光,僧侶である間、必殺チャージ率上昇,2026-03-12 05:56:27,2026-03-12 05:56:27
162,おはらいの瞬き,Benediction Quick Chant,光,【おはらい】の発動速度上昇,2026-03-12 05:56:27,2026-03-12 05:56:27
163,果てなきマホトラのころも,Endless Magic Robe,光,【マホトラのころも】の効果時間延長（Ver.5.1まではLv1につき3秒）,2026-03-12 05:56:27,2026-03-12 05:56:27
164,聖女の守りの瞬き,Alma Mater Quick Chant,光,【聖女の守り】の発動速度上昇,2026-03-12 05:56:27,2026-03-12 05:56:27
165,天使の守りの瞬き,Goddess' Grace Quick Chant,光,【天使の守り】の発動速度上昇,2026-03-12 05:56:27,2026-03-12 05:56:27
166,ホーリーライトの極意,Divine Restitution Mastery,光,【ホーリーライト】のダメージ上昇,2026-03-12 05:56:27,2026-03-12 05:56:27
167,魔法使いの閃き,Mage Insight,光,魔法使いである間、必殺チャージ率上昇,2026-03-12 05:56:27,2026-03-12 05:56:27
168,メドローアの極意,Kafrizzlecrack Mastery,光,【メドローア】のダメージ上昇,2026-03-12 05:56:27,2026-03-12 05:56:27
169,ぶきみなひかりの瞬き,Spooky Aura Quick Chant,光,【ぶきみなひかり】の発動速度上昇,2026-03-12 05:56:27,2026-03-12 05:56:27
170,ぶきみなひかりの技巧,Spooky Aura Knack,光,ぶきみなひかりの成功率上昇,2026-03-12 05:56:27,2026-03-12 05:56:27
171,魔力かくせいの瞬き,Channel Anger Quick Chant,光,【魔力かくせい】の発動速度上昇魔使・スパ・竜術で共用可能,2026-03-12 05:56:27,2026-03-12 05:56:27
172,果てなき超魔力かくせい,Endless Super Channel Anger,光,【超魔力かくせい】【ミラクルゾーン】による【呪文ダメージ限界突破】の効果時間延長,2026-03-12 05:56:27,2026-03-12 05:56:27
173,武闘家の閃き,Martial Artist Insight,光,武闘家である間、必殺チャージ率上昇,2026-03-12 05:56:27,2026-03-12 05:56:27
174,一喝の極意,Roaring Tirade Mastery,光,【一喝】使用時、たまにさらに1段階テンションアップ（Ver.5.1まではLv1につき3%）,2026-03-12 05:56:27,2026-03-12 05:56:27
175,崩命拳の極意,Punch Out Mastery,光,【崩命拳】のダメージ上昇,2026-03-12 05:56:27,2026-03-12 05:56:27
176,ためるの極意,Psyche Up Mastery,光,【ためる】使用時、たまにさらに1段階テンションアップ,2026-03-12 05:56:27,2026-03-12 05:56:27
177,心頭滅却の瞬き,Mind Over Matter Quick Chant,光,【心頭滅却】の発動速度上昇,2026-03-12 05:56:27,2026-03-12 05:56:27
178,おたけびの技巧,War Cry Knack,光,【おたけび】の成功率上昇（Ver.3.0前期まではLv1につき2%）,2026-03-12 05:56:27,2026-03-12 05:56:27
179,おたけびの戦域,War Cry Beat,光,おたけびの範囲拡大,2026-03-12 05:56:27,2026-03-12 05:56:27
180,めいそうの奇跡,Meditation Miracle,光,【めいそう】の回復量上昇,2026-03-12 05:56:27,2026-03-12 05:56:27
181,ためる弐の極意,Psyche Up 2 Mastery,光,【ためる弐】使用時、たまにさらに1段階テンションアップ,2026-03-12 05:56:27,2026-03-12 05:56:27
182,無念無想の奇跡,Nirvana Miracle,光,【無念無想】のMP回復量上昇,2026-03-12 05:56:27,2026-03-12 05:56:27
183,ためる参の極意,Psyche Up 3 Mastery,光,【ためる参】使用時、たまにさらに1段階テンションアップ,2026-03-12 05:56:27,2026-03-12 05:56:27
184,打成一片の極意,Become One Mastery,光,【打成一片】のダメージ上昇,2026-03-12 05:56:27,2026-03-12 05:56:27
185,盗賊の閃き,Thief Insight,光,盗賊である間、必殺チャージ率上昇,2026-03-12 05:56:27,2026-03-12 05:56:27
186,お宝ハンターの極意,Itemised Kill Mastery,光,【お宝ハンター】のダメージが固定値で上昇,2026-03-12 05:56:27,2026-03-12 05:56:27
187,ファントムハックの極意,Seeing Stars Mastery,光,【ファントムハック】のダメージ上昇,2026-03-12 05:56:27,2026-03-12 05:56:27
188,サプライズラッシュの極意,Bolt from the Blue Mastery,光,【サプライズラッシュ】のダメージ上昇,2026-03-12 05:56:27,2026-03-12 05:56:27
189,サプライズラッシュの技巧,Bolt from the Blue Knack,光,サプライズラッシュの成功率上昇（Ver.5.1まではLv1につき1%）,2026-03-12 05:56:27,2026-03-12 05:56:27
190,ネバネバ爆弾の戦域,Sticky bomb Beat,光,【ネバネバ爆弾】の範囲拡大,2026-03-12 05:56:27,2026-03-12 05:56:27
191,旅芸人の閃き,Minstrel Insight,光,旅芸人である間、必殺チャージ率上昇,2026-03-12 05:56:27,2026-03-12 05:56:27
192,トリックゾーンの極意,Haze Over Mastery,光,【トリックゾーン】のダメージ上昇,2026-03-12 05:56:27,2026-03-12 05:56:27
193,ボケの技巧,Pratfall Knack,光,【ボケ】の成功率上昇（Ver.3.0前期まではLv1につき2%）,2026-03-12 05:56:27,2026-03-12 05:56:27
194,果てなきタップダンス,Endless Tap Dance,光,【タップダンス】の効果時間延長（Ver.5.1まではLv1につき3秒）,2026-03-12 05:56:27,2026-03-12 05:56:27
195,キラージャグリングの極意,Have a Ball Mastery,光,【キラージャグリング】のダメージ上昇,2026-03-12 05:56:27,2026-03-12 05:56:27
196,ハッスルダンスの奇跡,Hustle Dance Miracle,光,【ハッスルダンス】の回復量上昇,2026-03-12 05:56:27,2026-03-12 05:56:27
197,ハッスルダンスの戦域,Hustle Dance Beat,光,ハッスルダンスの範囲拡大,2026-03-12 05:56:27,2026-03-12 05:56:27
198,ゴッドジャグリングの極意,God Juggling Mastery,光,【ゴッドジャグリング】のダメージ上昇,2026-03-12 05:56:27,2026-03-12 05:56:27
199,たたかいのビートの戦域,Rhythm 'n' Bruise Beat,光,【たたかいのビート】の範囲拡大,2026-03-12 05:56:27,2026-03-12 05:56:27
200,いやしのメロディの戦域,Healing Melody Beat,光,【いやしのメロディ】の範囲拡大,2026-03-12 05:56:27,2026-03-12 05:56:27
201,バトルマスターの閃き,Battlemaster Insight,光,バトルマスターである間、必殺チャージ率上昇,2026-03-12 05:56:27,2026-03-12 05:56:27
202,ラッシュバーンの極意,Burn Rush Mastery,光,【ラッシュバーン】のダメージ上昇,2026-03-12 05:56:27,2026-03-12 05:56:27
203,とうこん討ちの極意, and うこん討ち Mastery,光,【とうこん討ち】のダメージ上昇,2026-03-12 05:56:27,2026-03-12 05:56:27
204,もろば斬りの極意,Double-Edged Slash Mastery,光,【もろば斬り】のダメージ上昇,2026-03-12 05:56:27,2026-03-12 05:56:27
205,無心こうげきの極意,Blind Man's Biff Mastery,光,【無心こうげき】のダメージ上昇,2026-03-12 05:56:27,2026-03-12 05:56:27
206,天下無双の極意,A Cut Above Mastery,光,【天下無双】のダメージ上昇,2026-03-12 05:56:27,2026-03-12 05:56:27
207,果てなきテンションバーン,Endless Tension Burn,光,【テンションバーン】の効果時間延長,2026-03-12 05:56:27,2026-03-12 05:56:27
208,果てなきミラクルブースト,Endless Miracle Boost,光,【ミラクルブースト】の効果時間延長,2026-03-12 05:56:27,2026-03-12 05:56:27
209,古今無双の極意,Peerless Prowess Mastery,光,【古今無双】のダメージ上昇,2026-03-12 05:56:27,2026-03-12 05:56:27
210,パラディンの閃き,Paladin Insight,光,パラディンである間、必殺チャージ率上昇,2026-03-12 05:56:27,2026-03-12 05:56:27
211,果てなきパラディンガード,Endless Paladin Guard,光,【パラディンガード】の効果時間延長,2026-03-12 05:56:27,2026-03-12 05:56:27
212,果てなき聖光の鎧,Endless Holy Light Armor,光,【聖光の鎧】の効果時間延長,2026-03-12 05:56:27,2026-03-12 05:56:27
213,やいばのぼうぎょの極意,Pincushion Mastery,光,【やいばのぼうぎょ】中、さらに割合で被ダメージ軽減,2026-03-12 05:56:27,2026-03-12 05:56:27
214,におうだちの極意,Forbearance Mastery,光,【におうだち】中、さらに固定値で被ダメージ軽減,2026-03-12 05:56:27,2026-03-12 05:56:27
215,果てなきヘヴィチャージ,Endless Heavy Charge,光,【ヘヴィチャージ】による【おもさ増加】の効果時間延長（【不動のかまえ】等他の手段による重さアップには適用されない）,2026-03-12 05:56:27,2026-03-12 05:56:27
216,大ぼうぎょの極意,Defending Champion Mastery,光,【大ぼうぎょ】中、さらに割合で被ダメージ軽減,2026-03-12 05:56:27,2026-03-12 05:56:27
217,グランドネビュラの極意,Solar Flair Mastery,光,【グランドネビュラ】のダメージ上昇,2026-03-12 05:56:27,2026-03-12 05:56:27
218,果てなき鉄壁の進軍,Endless Ironclad Advance,光,【鉄壁の進軍】の効果時間延長,2026-03-12 05:56:27,2026-03-12 05:56:27
219,魔法戦士の閃き,Armamentalist Insight,光,魔法戦士である間、必殺チャージ率上昇,2026-03-12 05:56:27,2026-03-12 05:56:27
220,マジックルーレットの戦域,Magic Roulette Beat,光,【マジックルーレット】の範囲拡大,2026-03-12 05:56:27,2026-03-12 05:56:27
221,エナジーフォールの極意,Magic Blast Mastery,光,【エナジーフォール】のダメージ上昇,2026-03-12 05:56:27,2026-03-12 05:56:27
222,ファイアフォースの護り,Fire Fource Protection,光,自分に【ファイアフォース】がかかっているとき炎耐性上昇,2026-03-12 05:56:27,2026-03-12 05:56:27
223,アイスフォースの護り,Frost Fource Protection,光,自分に【アイスフォース】がかかっているとき氷耐性上昇,2026-03-12 05:56:27,2026-03-12 05:56:27
224,ストームフォースの護り,Gale Fource Protection,光,自分に【ストームフォース】がかかっているとき風・雷耐性上昇,2026-03-12 05:56:27,2026-03-12 05:56:27
225,ダークフォースの護り,Funereal Fource Protection,光,自分に【ダークフォース】がかかっているとき闇・土耐性上昇,2026-03-12 05:56:27,2026-03-12 05:56:27
226,ライトフォースの護り,Life Fource Protection,光,自分に【ライトフォース】がかかっているとき光耐性上昇,2026-03-12 05:56:27,2026-03-12 05:56:27
227,フォースブレイクの極意,Fource Break Mastery,光,【フォースブレイク】のダメージ上昇,2026-03-12 05:56:27,2026-03-12 05:56:27
228,フォースブレイクの技巧,Fource Break Knack,光,フォースブレイクの成功率上昇,2026-03-12 05:56:27,2026-03-12 05:56:27
229,レンジャーの閃き,Ranger Insight,光,レンジャーである間、必殺チャージ率上昇,2026-03-12 05:56:27,2026-03-12 05:56:27
230,アヌビスアタックの極意,Anubis Assault Mastery,光,【アヌビスアタック】のダメージ上昇,2026-03-12 05:56:27,2026-03-12 05:56:27
231,てなづけるの技巧,Win Over Knack,光,【てなづける】の成功率上昇,2026-03-12 05:56:27,2026-03-12 05:56:27
232,メタルトラップの技巧,Metal Trap Knack,光,【メタルトラップ】の成功率上昇（Ver.3.0前期まではLv1につき2%）,2026-03-12 05:56:27,2026-03-12 05:56:27
233,まもりのきりの戦域,Mist Me Beat,光,【まもりのきり】の範囲拡大,2026-03-12 05:56:27,2026-03-12 05:56:27
234,オオカミアタックの極意,Wolf Whistle Mastery,光,【オオカミアタック】のダメージ上昇,2026-03-12 05:56:27,2026-03-12 05:56:27
235,あんこくのきりの技巧,Dark Fog Knack,光,【あんこくのきり】の成功率上昇,2026-03-12 05:56:27,2026-03-12 05:56:27
236,フェンリルアタックの極意,Fenrir Whistle Mastery,光,【フェンリルアタック】のダメージ上昇,2026-03-12 05:56:27,2026-03-12 05:56:27
237,紅蓮蝶のきりの戦域,Crimson Butterfly Mist Beat,光,【紅蓮蝶のきり】の範囲拡大,2026-03-12 05:56:27,2026-03-12 05:56:27
238,賢者の閃き,Sage Insight,光,賢者である間、必殺チャージ率上昇,2026-03-12 05:56:27,2026-03-12 05:56:27
239,果てなき神の息吹,Endless Divine Breath,光,【神の息吹】による詠唱時間短縮の効果時間延長（Ver.5.1まではLv1につき3秒）,2026-03-12 05:56:27,2026-03-12 05:56:27
240,いやしの雨の瞬き,Right as Rain Quick Chant,光,【いやしの雨】の発動速度上昇,2026-03-12 05:56:27,2026-03-12 05:56:27
241,魔導の書の技巧,Magical Book Knack,光,【魔導の書】の成功率上昇（Ver.3.0前期まではLv1につき2%）,2026-03-12 05:56:27,2026-03-12 05:56:27
242,スーパースターの閃き,Superstar Insight,光,スーパースターである間、必殺チャージ率上昇,2026-03-12 05:56:27,2026-03-12 05:56:27
243,果てなきモンスターゾーン,Endless Monster Zone,光,【モンスターゾーン】によって敵をシビれさせる効果時間を延長（Ver.5.1まではLv1につき1秒）,2026-03-12 05:56:27,2026-03-12 05:56:27
244,果てなき銀幕の世界,Endless Silver Screen World,光,【銀幕の世界】の効果時間延長,2026-03-12 05:56:27,2026-03-12 05:56:27
245,サインぜめの極意,Autograph Mastery,光,【サインぜめ】のダメージ上昇（Ver.3.0前期まではLv1につき10%）,2026-03-12 05:56:27,2026-03-12 05:56:27
246,スキャンダルの技巧,Scandal Eyes Knack,光,【スキャンダル】の成功率上昇,2026-03-12 05:56:27,2026-03-12 05:56:27
247,メイクアップの瞬き,Makeup Quick Chant,光,【メイクアップ】の発動速度上昇,2026-03-12 05:56:27,2026-03-12 05:56:27
248,プレシャスレインの極意,Precious Rain Mastery,光,【プレシャスレイン】のダメージ上昇,2026-03-12 05:56:27,2026-03-12 05:56:27
249,まもの使いの閃き,Monster Master Insight,光,まもの使いである間、必殺チャージ率上昇,2026-03-12 05:56:27,2026-03-12 05:56:27
250,流星爪牙の極意,Crash Claw Mastery,光,【流星爪牙】のダメージ上昇,2026-03-12 05:56:27,2026-03-12 05:56:27
251,果てなきビーストモード,Endless Beast Mode,光,【ビーストモード】による行動間隔0化の効果時間延長（Ver.5.1まではLv1につき1秒）,2026-03-12 05:56:27,2026-03-12 05:56:27
252,ブレスクラッシュの極意,Breathtaking Bash Mastery,光,【ブレスクラッシュ】のダメージ上昇,2026-03-12 05:56:27,2026-03-12 05:56:27
253,ブレスクラッシュの技巧,Breathtaking Bash Knack,光,ブレスクラッシュの成功率上昇,2026-03-12 05:56:27,2026-03-12 05:56:27
254,スキルクラッシュの極意,Skill Scupperer Mastery,光,【スキルクラッシュ】のダメージ上昇,2026-03-12 05:56:27,2026-03-12 05:56:27
255,スキルクラッシュの技巧,Skill Scupperer Knack,光,スキルクラッシュの成功率上昇,2026-03-12 05:56:27,2026-03-12 05:56:27
256,果てなきウォークライ,Endless War Cry,光,【ウォークライ】の効果時間延長,2026-03-12 05:56:27,2026-03-12 05:56:27
257,ビーストファングの極意,Beast Fang Mastery,光,【ビーストファング】のダメージ上昇,2026-03-12 05:56:27,2026-03-12 05:56:27
258,どうぐ使いの閃き,Item Master Insight,光,どうぐ使いである間、必殺チャージ率上昇,2026-03-12 05:56:27,2026-03-12 05:56:27
259,アブソリュートレイの極意,Absolute Beam Mastery,光,【アブソリュートレイ】のダメージ上昇,2026-03-12 05:56:27,2026-03-12 05:56:27
260,果てなきどうぐ倍化術,Endless Tool Doubling,光,【どうぐ倍化術】【どうぐ最適術】によるアイテム効果アップの効果時間延長,2026-03-12 05:56:27,2026-03-12 05:56:27
261,磁界シールドの瞬き,Magnetic Shield Quick Chant,光,【磁界シールド】の発動速度上昇,2026-03-12 05:56:27,2026-03-12 05:56:27
262,果てなきどうぐ範囲化術,Endless Tool AoE,光,【どうぐ範囲化術】【どうぐ最適術】によるアイテム範囲化の効果時間延長,2026-03-12 05:56:27,2026-03-12 05:56:27
263,メディカルデバイスの瞬き,Medical Device Quick Chant,光,【メディカルデバイス】の発動速度上昇（Ver.3.0前期まではLv1につき3%）,2026-03-12 05:56:27,2026-03-12 05:56:27
264,プラズマリムーバーの瞬き,Plasma Remover Quick Chant,光,【プラズマリムーバー】の発動速度上昇（Ver.3.0前期まではLv1につき3%）,2026-03-12 05:56:27,2026-03-12 05:56:27
265,プラズマリムーバーの戦域,Plasma Remover Beat,光,プラズマリムーバーの範囲拡大,2026-03-12 05:56:27,2026-03-12 05:56:27
266,バイキルエンハンスの瞬き,Oomphgrade Quick Chant,光,【バイキルエンハンス】の発動速度上昇,2026-03-12 05:56:27,2026-03-12 05:56:27
267,踊り子の閃き,Dancer Insight,光,踊り子である間、必殺チャージ率上昇,2026-03-12 05:56:27,2026-03-12 05:56:27
268,もうどくブルースの瞬き,Poisonous Blues Quick Chant,光,【もうどくブルース】の発動速度上昇（Ver.3.0前期まではLv1につき3%）,2026-03-12 05:56:27,2026-03-12 05:56:27
269,会心まいしんラップの瞬き,Confidence Rap Quick Chant,光,【会心まいしんラップ】の発動速度上昇（Ver.3.0前期まではLv1につき3%）,2026-03-12 05:56:27,2026-03-12 05:56:27
270,祈りのゴスペルの瞬き,Gospel of Prayer Quick Chant,光,【祈りのゴスペル】の発動速度上昇,2026-03-12 05:56:27,2026-03-12 05:56:27
271,覚醒のアリアの瞬き,Aria of Awakening Quick Chant,光,【覚醒のアリア】の発動速度上昇,2026-03-12 05:56:27,2026-03-12 05:56:27
272,よみがえり節の瞬き,Revival Clause Quick Chant,光,【よみがえり節】の発動速度上昇,2026-03-12 05:56:27,2026-03-12 05:56:27
273,魔力のバラードの瞬き,Magical Ballad Quick Chant,光,【魔力のバラード】の発動速度上昇,2026-03-12 05:56:27,2026-03-12 05:56:27
274,回復のララバイの瞬き,Healing Lullaby Quick Chant,光,【回復のララバイ】の発動速度上昇,2026-03-12 05:56:27,2026-03-12 05:56:27
275,ふういんのダンスの技巧,Dance of Sealing Knack,光,【ふういんのダンス】の成功率上昇（Ver.3.0前期まではLv1につき2%）,2026-03-12 05:56:27,2026-03-12 05:56:27
276,こんらんのダンスの技巧,Dance of Confusion Knack,光,【こんらんのダンス】の成功率上昇（Ver.3.0前期まではLv1につき2%）,2026-03-12 05:56:27,2026-03-12 05:56:27
277,ねむりのダンスの技巧,Dance of Sleep Knack,光,【ねむりのダンス】の成功率上昇（Ver.3.0前期まではLv1につき2%）,2026-03-12 05:56:27,2026-03-12 05:56:27
278,ドラゴンステップの技巧,Dragon Step Knack,光,【ドラゴンステップ】の成功率上昇（Ver.3.0前期まではLv1につき2%）,2026-03-12 05:56:27,2026-03-12 05:56:27
279,ビーナスステップの技巧,Venus Step Knack,光,【ビーナスステップ】の成功率上昇（Ver.3.0前期まではLv1につき2%）,2026-03-12 05:56:27,2026-03-12 05:56:27
280,ロイヤルステップの技巧,Royal Step Knack,光,【ロイヤルステップ】の成功率上昇（Ver.3.0前期まではLv1につき2%）,2026-03-12 05:56:27,2026-03-12 05:56:27
281,つるぎの舞の極意,Sword Dance Mastery,光,【つるぎの舞】のダメージ上昇（Ver.5.1まではLv1につき3%）,2026-03-12 05:56:27,2026-03-12 05:56:27
282,戦鬼の乱れ舞の瞬き,Demon's Duet Quick Chant,光,【戦鬼の乱れ舞】の発動速度上昇,2026-03-12 05:56:27,2026-03-12 05:56:27
283,占い師の閃き,Fortune Teller Insight,光,占い師である間、必殺チャージ率上昇,2026-03-12 05:56:27,2026-03-12 05:56:27
284,果てなき魅惑の水晶球,Endless Alluring Crystal Ball,光,【魅惑の水晶球】【占技・天輪殺】によるタロット強化効果の効果時間延長（Ver.5.1まではLv1につき2秒）,2026-03-12 05:56:27,2026-03-12 05:56:27
285,果てなきワイルドカード,Endless Wild Card,光,【ワイルドカード】の効果時間延長,2026-03-12 05:56:27,2026-03-12 05:56:27
286,正義のタロットの極意,Justice Tarot Mastery,光,【正義のタロット】のダメージ上昇,2026-03-12 05:56:27,2026-03-12 05:56:27
287,戦車のタロットの極意,Chariot Tarot Mastery,光,【戦車のタロット】のダメージ上昇,2026-03-12 05:56:27,2026-03-12 05:56:27
288,罪人のタロットの極意,Sinner Tarot Mastery,光,【罪人のタロット】のダメージ上昇,2026-03-12 05:56:27,2026-03-12 05:56:27
289,隠者のタロットの極意,Hermit Tarot Mastery,光,【隠者のタロット】のダメージ上昇,2026-03-12 05:56:27,2026-03-12 05:56:27
290,死神のタロットの極意,Death Tarot Mastery,光,【死神のタロット】のダメージ上昇,2026-03-12 05:56:27,2026-03-12 05:56:27
291,塔のタロットの極意,Tower Tarot Mastery,光,【塔のタロット】のダメージ上昇,2026-03-12 05:56:27,2026-03-12 05:56:27
292,魅惑の水晶球の瞬き,Magic Crystal Ball Quick Chant,光,魅惑の水晶球の発動速度上昇,2026-03-12 05:56:27,2026-03-12 05:56:27
293,復活の魅惑の水晶球,Revival Magic Crystal Ball,光,復活時魅惑の水晶球発動,2026-03-12 05:56:27,2026-03-12 05:56:27
294,始まりの魅惑の水晶球,Initial Magic Crystal Ball,光,開戦時魅惑の水晶球発動,2026-03-12 05:56:27,2026-03-12 05:56:27
295,天地雷鳴士の閃き,Druid Insight,光,天地雷鳴士である間、必殺チャージ率上昇,2026-03-12 05:56:27,2026-03-12 05:56:27
296,シュジャク召喚の極意,Pea Shocker Mastery,光,【シュジャク召喚】のダメージ上昇,2026-03-12 05:56:27,2026-03-12 05:56:27
297,ひばしらの極意,Pyre o' Fire Mastery,光,【ひばしら】のダメージ上昇（Ver.4.0まではLv1につき1%）,2026-03-12 05:56:27,2026-03-12 05:56:27
298,じわれの極意,Fissure Mastery,光,【じわれ】のダメージ上昇（Ver.4.0まではLv1につき1%）,2026-03-12 05:56:27,2026-03-12 05:56:27
299,いなずまの極意,Lightning Mastery,光,【いなずま】のダメージ上昇（Ver.4.0まではLv1につき1%）,2026-03-12 05:56:27,2026-03-12 05:56:27
300,めいどうふうまの極意,King Fissure Mastery,光,【めいどうふうま】のダメージ上昇（Ver.4.0まではLv1につき1%）,2026-03-12 05:56:27,2026-03-12 05:56:27
301,マグマの極意,Magma Blast Mastery,光,【マグマ】のダメージ上昇,2026-03-12 05:56:27,2026-03-12 05:56:27
302,水神のたつまきの極意,Whirlwind Mastery,光,【水神のたつまき】のダメージ上昇,2026-03-12 05:56:27,2026-03-12 05:56:27
303,れんごく火炎の極意,Inferno Flame Mastery,光,【れんごく火炎】のダメージ上昇,2026-03-12 05:56:27,2026-03-12 05:56:27
304,しんくう竜巻の極意,Vacuum Tornado Mastery,光,【しんくう竜巻】のダメージ上昇,2026-03-12 05:56:27,2026-03-12 05:56:27
305,遊び人の閃き,Gadabout Insight,光,遊び人である間、必殺チャージ率上昇,2026-03-12 05:56:27,2026-03-12 05:56:27
306,びっくりルーレットの極意,Surprise Spinner Mastery,光,【びっくりルーレット】のダメージ上昇,2026-03-12 05:56:27,2026-03-12 05:56:27
307,きまぐれの技巧,Whimsical Knack,光,【きまぐれ】の発動率上昇（Ver.5.1まではLv1につき1%）,2026-03-12 05:56:27,2026-03-12 05:56:27
308,なめまわしの技巧,Tongue Lashing Knack,光,【なめまわし】の成功率上昇,2026-03-12 05:56:27,2026-03-12 05:56:27
309,ぱふぱふの技巧,Puff-puff Knack,光,【ぱふぱふ】の成功率上昇,2026-03-12 05:56:27,2026-03-12 05:56:27
310,果てなきほんきであそぶ,Endless Serious Play,光,【ほんきであそぶ】の効果時間延長,2026-03-12 05:56:27,2026-03-12 05:56:27
311,ひゃくれつなめの技巧,Tongue Bashing Knack,光,【ひゃくれつなめ】の成功率上昇（Ver.5.1まではLv1につき1%）,2026-03-12 05:56:27,2026-03-12 05:56:27
312,まねまねの極意,Mimicry Mastery,光,【まねまね】の反射ダメージ上昇,2026-03-12 05:56:27,2026-03-12 05:56:27
313,デスマスターの閃き,Death Master Insight,光,デスマスターである間、必殺チャージ率上昇,2026-03-12 05:56:27,2026-03-12 05:56:27
314,呪詛の極意,Curse Mastery,光,【呪詛】のダメージ上昇,2026-03-12 05:56:27,2026-03-12 05:56:27
315,デスサイズの極意,Death Scythe Mastery,光,【デスサイズ】のダメージ上昇,2026-03-12 05:56:27,2026-03-12 05:56:27
316,大呪詛の極意,Enfeeble Mastery,光,【大呪詛】のダメージ上昇,2026-03-12 05:56:27,2026-03-12 05:56:27
317,魔剣士の閃き,Demon Swordsman Insight,光,魔剣士である間、必殺チャージ率上昇,2026-03-12 05:56:27,2026-03-12 05:56:27
318,果てなき錬魔の秘法,Endless Arcane Forge Secret,光,【錬魔の秘法】の効果時間延長,2026-03-12 05:56:27,2026-03-12 05:56:27
319,果てなき闇のヴェール,Endless Dark Veil,光,【闇のヴェール】の効果時間延長,2026-03-12 05:56:27,2026-03-12 05:56:27
320,邪炎波の極意,Evil Wave Mastery,光,【邪炎波】のダメージ上昇,2026-03-12 05:56:27,2026-03-12 05:56:27
321,暗黒連撃の極意,Black Blade Mastery,光,【暗黒連撃】のダメージ上昇,2026-03-12 05:56:27,2026-03-12 05:56:27
322,ダークマターの極意,Discontinuum Mastery,光,【ダークマター】のダメージ上昇,2026-03-12 05:56:27,2026-03-12 05:56:27
323,煉獄魔斬の極意,Purgatory Demon Slash Mastery,光,【煉獄魔斬】のダメージ上昇,2026-03-12 05:56:27,2026-03-12 05:56:27
324,黒炎帝の斬撃の極意,Black Flame Emperor Slash Mastery,光,【黒炎帝の斬撃】のダメージ上昇,2026-03-12 05:56:27,2026-03-12 05:56:27
325,海賊の閃き,Pirate Insight,光,海賊である間、必殺チャージ率上昇,2026-03-12 05:56:27,2026-03-12 05:56:27
326,タル投げの極意,Barrel Toss Mastery,光,【タル投げ】のダメージ上昇,2026-03-12 05:56:27,2026-03-12 05:56:27
327,しびれ弾ショットの極意,Shocking Shot Mastery,光,【しびれ弾ショット】のダメージ上昇,2026-03-12 05:56:27,2026-03-12 05:56:27
328,火炎弾ショットの極意,Flaming Shot Mastery,光,【火炎弾ショット】のダメージ上昇,2026-03-12 05:56:27,2026-03-12 05:56:27
329,錨ぶんまわしの極意,Anchors Away Mastery,光,【錨ぶんまわし】のダメージ上昇,2026-03-12 05:56:27,2026-03-12 05:56:27
330,散弾ショットの極意,Buckshot Mastery,光,【散弾ショット】のダメージ上昇,2026-03-12 05:56:27,2026-03-12 05:56:27
331,スタン弾ショットの極意,Stunning Shell Mastery,光,【スタン弾ショット】のダメージ上昇,2026-03-12 05:56:27,2026-03-12 05:56:27
332,恐怖弾ショットの極意,Terror Shot Mastery,光,【恐怖弾ショット】のダメージ上昇,2026-03-12 05:56:27,2026-03-12 05:56:27
333,ガーディアンの閃き,Guardian Insight,光,ガーディアンである間、ゾーン突入率上昇,2026-03-12 05:56:27,2026-03-12 05:56:27
334,プラーナソードの極意,Blessed Blade Mastery,光,【プラーナソード】のダメージ上昇,2026-03-12 05:56:27,2026-03-12 05:56:27
335,ブラスターフィストの極意,Fist of Justice Mastery,光,【ブラスターフィスト】のダメージ上昇,2026-03-12 05:56:27,2026-03-12 05:56:27
336,天光連斬の極意,Lightbringer Mastery,光,【天光連斬】のダメージ上昇,2026-03-12 05:56:27,2026-03-12 05:56:27
337,果てなきブーストオーラ,Endless Boost Aura,光,【ブーストオーラ】の効果時間延長,2026-03-12 05:56:27,2026-03-12 05:56:27
338,ディバインピルムの極意,Divine Pilum Mastery,光,【ディバインピルム】のダメージ上昇,2026-03-12 05:56:27,2026-03-12 05:56:27
339,竜術士の閃き,Dragomancer Insight,光,竜術士である間、ゾーン突入率上昇,2026-03-12 05:56:27,2026-03-12 05:56:27
340,マッドブレスの極意,Muddled Breath Mastery,光,【マッドブレス】のダメージ上昇,2026-03-12 05:56:27,2026-03-12 05:56:27
341,火球ブレスの極意,Breath Blast Mastery,光,【火球ブレス】のダメージ上昇,2026-03-12 05:56:27,2026-03-12 05:56:27
342,エレメントブーストの瞬き,In the Element Quick Chant,光,【エレメントブースト】の発動速度上昇,2026-03-12 05:56:27,2026-03-12 05:56:27
343,果てなき竜の脈動,Endless Dragon Pulse,光,【竜の脈動】の効果時間延長,2026-03-12 05:56:27,2026-03-12 05:56:27
344,隠者の閃き,Hermit Insight,光,隠者である間、ゾーン突入率上昇,2026-03-12 05:56:27,2026-03-12 05:56:27
345,スピリットブラストの極意,Spiritual Surge Mastery,光,【スピリットブラスト】のダメージ上昇,2026-03-12 05:56:27,2026-03-12 05:56:27
346,雷鳴双牙の極意,Cross Shock Mastery,光,【雷鳴双牙】のダメージ上昇,2026-03-12 05:56:27,2026-03-12 05:56:27
347,果てなき精霊降臨,Endless Spirit Descent,光,【精霊降臨】の効果時間延長,2026-03-12 05:56:27,2026-03-12 05:56:27
348,精霊の鼓動の瞬き,Spirits Within Quick Chant,光,【精霊の鼓動】の発動速度上昇,2026-03-12 05:56:27,2026-03-12 05:56:27
349,精霊獣の祝福の瞬き,Beast's Blessing Quick Chant,光,【精霊獣の祝福】の発動速度上昇,2026-03-12 05:56:27,2026-03-12 05:56:27
350,ヒーリングドリームの戦域,Healing Way Beat,光,【ヒーリングドリーム】の範囲拡大,2026-03-12 05:56:27,2026-03-12 05:56:27
351,トライアミュレットの戦域,Triamulate Beat,光,【トライアミュレット】の範囲拡大,2026-03-12 05:56:27,2026-03-12 05:56:27
352,デュアルプロテクトの戦域,Bated Breath Beat,光,【デュアルプロテクト】の範囲拡大,2026-03-12 05:56:27,2026-03-12 05:56:27
353,かえん斬りの極意,Flame Slash Mastery,闇,【かえん斬り】のダメージ上昇（Ver.3.0前期まではLv1につき5%）,2026-03-12 05:56:29,2026-03-12 05:56:29
354,ドラゴン斬りの極意,Dragon Slash Mastery,闇,【ドラゴン斬り】のドラゴン系へのダメージ上昇（Ver.3.0前期まではLv1につき20%）,2026-03-12 05:56:29,2026-03-12 05:56:29
355,ミラクルソードの極意,Miracle Slash Mastery,闇,【ミラクルソード】のダメージと回復量上昇,2026-03-12 05:56:29,2026-03-12 05:56:29
356,はやぶさ斬りの極意,Falcon Slash Mastery,闇,【はやぶさ斬り】のダメージ上昇,2026-03-12 05:56:29,2026-03-12 05:56:29
357,ギガスラッシュの極意,Gigaslash Mastery,闇,【ギガスラッシュ】のダメージ上昇,2026-03-12 05:56:29,2026-03-12 05:56:29
358,ギガスラッシュの真髄,Gigaslash Essence,闇,【ギガスラッシュ】のテンションアップ時ダメージ上昇,2026-03-12 05:56:29,2026-03-12 05:56:29
359,超はやぶさ斬りの極意,Gyrfalcon Slash Mastery,闇,【超はやぶさ斬り】のダメージ上昇,2026-03-12 05:56:29,2026-03-12 05:56:29
360,ギガブレイクの極意,Gigagash Mastery,闇,【ギガブレイク】のダメージ上昇,2026-03-12 05:56:29,2026-03-12 05:56:29
361,ギガブレイクの真髄,Gigagash Essence,闇,【ギガブレイク】のテンションアップ時ダメージ上昇,2026-03-12 05:56:29,2026-03-12 05:56:29
362,不死鳥天舞の極意,Phoenix Dance Mastery,闇,【不死鳥天舞】のダメージ上昇,2026-03-12 05:56:29,2026-03-12 05:56:29
363,アルテマソードの極意,Ultima Sword Mastery,闇,【アルテマソード】のダメージ上昇,2026-03-12 05:56:29,2026-03-12 05:56:29
364,果てなきブレードガード,Endless Blade Guard,闇,【ブレードガード】の効果時間延長（Ver.5.1まではLv1につき3秒）,2026-03-12 05:56:29,2026-03-12 05:56:29
365,ドラゴンスラッシュの極意,Dragon Smash Mastery,闇,【ドラゴンスラッシュ】のドラゴン系へのダメージ上昇（Ver.3.0前期まではLv1につき20%）,2026-03-12 05:56:29,2026-03-12 05:56:29
366,ぶんまわしの極意,Helichopter Mastery,闇,【ぶんまわし】のダメージ上昇（Ver.5.1まではLv1につき8%）,2026-03-12 05:56:29,2026-03-12 05:56:29
367,ぶんまわしの真髄,Helichopter Essence,闇,【ぶんまわし】のテンションアップ時ダメージ上昇,2026-03-12 05:56:29,2026-03-12 05:56:29
368,フリーズブレードの極意,Frost Fangs Mastery,闇,【フリーズブレード】のダメージ上昇,2026-03-12 05:56:29,2026-03-12 05:56:29
369,渾身斬り系の極意,Cutting Edge Mastery,闇,【渾身斬り】【渾身斬り・改】のダメージ上昇,2026-03-12 05:56:30,2026-03-12 05:56:30
370,ブレイブスラッシュの極意,Brave Slash Mastery,闇,【ブレイブスラッシュ】のダメージ上昇,2026-03-12 05:56:30,2026-03-12 05:56:30
371,ビッグバンの極意,Big Banga Mastery,闇,【ビッグバン】のダメージ上昇,2026-03-12 05:56:30,2026-03-12 05:56:30
372,全身全霊斬り系の極意,Unbridled Blade Mastery,闇,【全身全霊斬り】【全身全霊斬り・改】のダメージ上昇,2026-03-12 05:56:30,2026-03-12 05:56:30
373,全身全霊斬り系の真髄,Unbridled Blade Essence,闇,全身全霊斬り、全身全霊斬り・改のテンションアップ時ダメージ上昇,2026-03-12 05:56:30,2026-03-12 05:56:30
374,プラズマブレードの極意,Plasma Blade Mastery,闇,【プラズマブレード】のダメージ上昇（Ver.5.1まではLv1につき8%）,2026-03-12 05:56:30,2026-03-12 05:56:30
375,大旋風斬りの極意,Great Cyclone Slash Mastery,闇,【大旋風斬り】のダメージ上昇,2026-03-12 05:56:30,2026-03-12 05:56:30
376,キラーブーンの極意,Fly Swat Mastery,闇,【キラーブーン】の虫系へのダメージ上昇（Ver.3.0前期まではLv1につき20%）,2026-03-12 05:56:30,2026-03-12 05:56:30
377,スリープダガーの極意,Sleeper Hit Mastery,闇,【スリープダガー】のダメージ上昇（Ver.3.0前期まではLv1につき5%）,2026-03-12 05:56:30,2026-03-12 05:56:30
378,スリープダガーの技巧,Sleeper Hit Knack,闇,スリープダガーの成功率上昇,2026-03-12 05:56:30,2026-03-12 05:56:30
379,ヒュプノスハントの極意,Persecutter Mastery,闇,【ヒュプノスハント】の眠り・混乱中の敵へのダメージ上昇,2026-03-12 05:56:30,2026-03-12 05:56:30
380,ヴァイパーファングの極意,Cobra Strike Mastery,闇,【ヴァイパーファング】のダメージ上昇,2026-03-12 05:56:30,2026-03-12 05:56:30
381,ヴァイパーファングの技巧,Cobra Strike Knack,闇,ヴァイパーファングの成功率上昇,2026-03-12 05:56:30,2026-03-12 05:56:30
382,タナトスハント系の極意,Victimiser Mastery,闇,【タナトスハント】【タナトスハント・改】の毒・マヒ中の敵へのダメージ上昇（Ver.5.1まではLv1につき3%）,2026-03-12 05:56:30,2026-03-12 05:56:30
383,タナトスハント系の真髄,Victimiser Essence,闇,タナトスハント、タナトスハント・改のテンションアップ時ダメージ上昇,2026-03-12 05:56:30,2026-03-12 05:56:30
384,カオスエッジの極意,Chaos Edge Mastery,闇,【カオスエッジ】のダメージ上昇,2026-03-12 05:56:30,2026-03-12 05:56:30
385,ナイトメアファングの極意,Nightmare Fang Mastery,闇,【ナイトメアファング】のダメージ上昇,2026-03-12 05:56:30,2026-03-12 05:56:30
386,オネロスハントの極意,Oneros Hunt Mastery,闇,【オネロスハント】の休み中の敵へのダメージ上昇,2026-03-12 05:56:30,2026-03-12 05:56:30
387,ネメシスエッジの極意,Nemesis Edge Mastery,闇,【ネメシスエッジ】のダメージ上昇,2026-03-12 05:56:30,2026-03-12 05:56:30
388,ネメシスエッジの真髄,Nemesis Edge Essence,闇,【ネメシスエッジ】のテンションアップ時ダメージ上昇,2026-03-12 05:56:30,2026-03-12 05:56:30
389,果てなきマジステッキ,Endless Magic Stick,闇,【マジステッキ】の効果時間延長（Ver.5.1まではLv1につき3秒）,2026-03-12 05:56:30,2026-03-12 05:56:30
390,デビルンチャームの極意,Devil's Delight Mastery,闇,【デビルンチャーム】のあくま系へのダメージ（上段）と魅了成功率（下段）上昇,2026-03-12 05:56:30,2026-03-12 05:56:30
391,パニパニハニーの技巧,Wizzy Wand Knack,闇,【パニパニハニー】の成功率上昇（Ver.3.0前期まではLv1につき2%）,2026-03-12 05:56:30,2026-03-12 05:56:30
392,ディバインステッキの技巧,Divine Stick Knack,闇,【ディバインステッキ】の成功率上昇,2026-03-12 05:56:30,2026-03-12 05:56:30
393,ホップスティックの戦域,Hop Stick Beat,闇,【ホップスティック】の範囲拡大,2026-03-12 05:56:30,2026-03-12 05:56:30
394,スピリットゾーンの戦域,Spirit Zone Beat,闇,【スピリットゾーン】の範囲拡大,2026-03-12 05:56:30,2026-03-12 05:56:30
395,悪魔ばらいの極意,Beelzefreeze Mastery,闇,【悪魔ばらい】のあくま系へのダメージ（上段）とマヒ成功率（下段）上昇,2026-03-12 05:56:30,2026-03-12 05:56:30
396,果てなき早詠みの杖,Endless Fast Chant Staff,闇,発生手段を問わず、自分にかかる【詠唱時間短縮】の効果時間を延長（両手杖装備時のみ有効）（Ver.5.1まではLv1につき2秒）,2026-03-12 05:56:30,2026-03-12 05:56:30
397,しゅくふくの杖の奇跡,Staff of Salvation Miracle,闇,【しゅくふくの杖】の回復量上昇,2026-03-12 05:56:30,2026-03-12 05:56:30
398,果てなき活命の杖,Endless Life-Raising Staff,闇,【活命の杖】の効果時間延長,2026-03-12 05:56:30,2026-03-12 05:56:30
399,霊脈魔法陣の戦域,Ring of Resonance Beat,闇,【霊脈魔法陣】の射程距離延長,2026-03-12 05:56:30,2026-03-12 05:56:30
400,けもの突きの極意,Cattle Prod Mastery,闇,【けもの突き】のけもの系へのダメージ上昇（Ver.3.0前期まではLv1につき20%）,2026-03-12 05:56:30,2026-03-12 05:56:30
401,雷鳴突きの極意,Thunder Strike Mastery,闇,【雷鳴突き】のダメージ上昇（Ver.3.0前期まではLv1につき5%）,2026-03-12 05:56:30,2026-03-12 05:56:30
402,一閃突き系の極意,Thunder Thrust Mastery,闇,【一閃突き】【一閃突き・改】の会心率上昇,2026-03-12 05:56:30,2026-03-12 05:56:30
403,狼牙突きの極意,Maulstrom Mastery,闇,【狼牙突き】のダメージ上昇（Ver.5.1まではLv1につき3%）,2026-03-12 05:56:30,2026-03-12 05:56:30
404,狼牙突きの真髄,Maulstrom Essence,闇,狼牙突きのテンションアップ時ダメージ上昇,2026-03-12 05:56:30,2026-03-12 05:56:30
405,さみだれ突き系の極意,Multithrust Mastery,闇,【さみだれ突き】【さみだれ突き・零】のダメージ上昇,2026-03-12 05:56:30,2026-03-12 05:56:30
406,ジゴスパークの極意,Lightning Storm Mastery,闇,【ジゴスパーク】のダメージ上昇,2026-03-12 05:56:30,2026-03-12 05:56:30
407,ジゴスパークの真髄,Lightning Storm Essence,闇,ジゴスパークのテンションアップ時ダメージ上昇,2026-03-12 05:56:30,2026-03-12 05:56:30
408,武神の護法の極意,War God's Protection Mastery,闇,【武神の護法】のダメージ上昇,2026-03-12 05:56:30,2026-03-12 05:56:30
409,武神の護法の技巧,War God's Protection Knack,闇,武神の護法の成功率上昇,2026-03-12 05:56:30,2026-03-12 05:56:30
410,超さみだれ突きの極意,Ultra Multithrust Mastery,闇,【超さみだれ突き】のダメージ上昇,2026-03-12 05:56:30,2026-03-12 05:56:30
411,たいぼく斬の極意,Poplar Toppler Mastery,闇,【たいぼく斬】の植物系へのダメージ上昇（Ver.3.0前期まではLv1につき20%）,2026-03-12 05:56:30,2026-03-12 05:56:30
412,蒼天魔斬の極意,Parallax Mastery,闇,【蒼天魔斬】のダメージ上昇（Ver.5.1まではLv1につき3%）,2026-03-12 05:56:30,2026-03-12 05:56:30
413,かぶと割りの極意,かぶ and 割り Mastery,闇,【かぶと割り】のダメージ上昇（Ver.3.0前期まではLv1につき2%）,2026-03-12 05:56:30,2026-03-12 05:56:30
414,まじん斬りの極意,Hatchet Man Mastery,闇,【まじん斬り】の会心率上昇,2026-03-12 05:56:30,2026-03-12 05:56:30
415,オノむそう系の極意,Axes of Evil Mastery,闇,【オノむそう】【オノむそう・改】のダメージ上昇（Ver.5.1まではLv1につき3%）,2026-03-12 05:56:30,2026-03-12 05:56:30
416,オノむそう系の真髄,Axes of Evil Essence,闇,テンション時、オノむそう、オノむそう・改のダメージ上昇,2026-03-12 05:56:30,2026-03-12 05:56:30
417,鉄甲斬系の極意,Scrap Mettle Mastery,闇,【鉄甲斬】【鉄甲斬・改】のダメージ上昇,2026-03-12 05:56:30,2026-03-12 05:56:30
418,真・オノむそう系の極意,Axes of True Evil Mastery,闇,【真・オノむそう】【真・オノむそう・改】のダメージ上昇（Ver.5.1まではLv1につき3%）,2026-03-12 05:56:30,2026-03-12 05:56:30
419,真・オノむそう系の真髄,Axes of True Evil Essence,闇,テンション時、真・オノむそう、真・オノむそう・改のダメージ上昇,2026-03-12 05:56:30,2026-03-12 05:56:30
420,降魔紅蓮斬の極意,Guren Demon Slash Mastery,闇,【降魔紅蓮斬】のダメージ上昇（Ver.5.1まではLv1につき4%）,2026-03-12 05:56:30,2026-03-12 05:56:30
421,大地裂断系の極意,Earthsplitter Mastery,闇,【大地裂断】【大地裂断・改】のダメージ上昇,2026-03-12 05:56:30,2026-03-12 05:56:30
422,足ばらいの技巧,Leg Sweep Knack,闇,【足ばらい】の成功率上昇（Ver.3.0前期まではLv1につき2%）,2026-03-12 05:56:30,2026-03-12 05:56:30
423,黄泉送りの極意,Deliverance Mastery,闇,【黄泉送り】のゾンビ系へのダメージ上昇（Ver.3.0前期まではLv1につき20%）,2026-03-12 05:56:30,2026-03-12 05:56:30
424,なぎはらいの極意,Party Pooper Mastery,闇,【なぎはらい】のダメージ上昇（Ver.5.1まではLv1につき2%）,2026-03-12 05:56:30,2026-03-12 05:56:30
425,なぎはらいの真髄,Party Pooper Essence,闇,テンション時、なぎはらいのダメージ上昇,2026-03-12 05:56:30,2026-03-12 05:56:30
426,氷結らんげき系の極意,Crushed Ice Mastery,闇,【氷結らんげき】【氷結らんげき・改】のダメージ上昇（Ver.5.1まではLv1につき4%）,2026-03-12 05:56:30,2026-03-12 05:56:30
427,奥義・棍閃殺の極意,Flash Kill Mastery,闇,【奥義・棍閃殺】のダメージ上昇（Ver.5.1まではLv1につき3%）,2026-03-12 05:56:30,2026-03-12 05:56:30
428,奥義・棍閃殺の真髄,Flash Kill Essence,闇,テンション時、奥義・棍閃殺のダメージ上昇,2026-03-12 05:56:30,2026-03-12 05:56:30
429,占技・天輪殺の極意,Divine Harmony Mastery,闇,【占技・天輪殺】のダメージ上昇,2026-03-12 05:56:30,2026-03-12 05:56:30
430,占技・天輪殺の真髄,Divine Harmony Essence,闇,テンション時、占技・天輪殺のダメージ上昇,2026-03-12 05:56:30,2026-03-12 05:56:30
431,断空なぎはらいの極意,Vacuum Sweep Mastery,闇,【断空なぎはらい】のダメージ上昇（Ver.5.1まではLv1につき3%）,2026-03-12 05:56:30,2026-03-12 05:56:30
432,豪雪氷結乱撃系の極意,Glacial Barrage Mastery,闇,【豪雪氷結乱撃】【豪雪氷結乱撃・改】のダメージ上昇,2026-03-12 05:56:30,2026-03-12 05:56:30
433,ウィングブロウの極意,Propeller Blade Mastery,闇,【ウィングブロウ】のダメージ上昇,2026-03-12 05:56:30,2026-03-12 05:56:30
434,裂鋼拳の極意,Can Opener Mastery,闇,【裂鋼拳】のマシン系へのダメージ上昇（Ver.5.1まではLv1につき20%）,2026-03-12 05:56:30,2026-03-12 05:56:30
435,必中拳の極意,Hawkeye Claw Mastery,闇,【必中拳】のダメージ（上段）と会心率（下段）上昇,2026-03-12 05:56:30,2026-03-12 05:56:30
436,タイガークローの極意,Hardclaw Mastery,闇,【タイガークロー】のダメージ上昇（Ver.5.1まではLv1につき2%）,2026-03-12 05:56:30,2026-03-12 05:56:30
437,タイガークローの真髄,Hardclaw Essence,闇,テンション時、タイガークローのダメージ上昇,2026-03-12 05:56:30,2026-03-12 05:56:30
438,ゴールドフィンガーの極意,Rake 'n' Break Mastery,闇,【ゴールドフィンガー】のダメージ上昇,2026-03-12 05:56:30,2026-03-12 05:56:30
439,サイクロンアッパーの極意,Air Raiser Mastery,闇,【サイクロンアッパー】のダメージ上昇,2026-03-12 05:56:30,2026-03-12 05:56:30
440,サマーソルトクローの極意,Somersault Claw Mastery,闇,【サマーソルトクロー】のダメージ上昇,2026-03-12 05:56:30,2026-03-12 05:56:30
441,ライガークラッシュの極意,Wild Animaul Mastery,闇,【ライガークラッシュ】のダメージ上昇,2026-03-12 05:56:30,2026-03-12 05:56:30
442,ライガークラッシュの真髄,Wild Animaul Essence,闇,テンション時、ライガークラッシュのダメージ上昇,2026-03-12 05:56:30,2026-03-12 05:56:30
443,果てなき牙神昇誕系,Endless Fang God Ascension,闇,【牙神昇誕】【牙神昇誕・改】の効果時間延長,2026-03-12 05:56:30,2026-03-12 05:56:30
444,ゴッドスマッシュの極意,Godsmash Mastery,闇,【ゴッドスマッシュ】のダメージ上昇,2026-03-12 05:56:30,2026-03-12 05:56:30
445,らせん打ちの極意,Hypnowhip Mastery,闇,【らせん打ち】のダメージ上昇（Ver.3.0前期まではLv1につき5%）,2026-03-12 05:56:30,2026-03-12 05:56:30
446,らせん打ちの技巧,Hypnowhip Knack,闇,らせん打ちの成功率上昇,2026-03-12 05:56:30,2026-03-12 05:56:30
447,愛のムチの極意,Lashings of Love Mastery,闇,【愛のムチ】の怪人系へのダメージ上昇（Ver.3.0前期まではLv1につき20%）,2026-03-12 05:56:30,2026-03-12 05:56:30
448,スパークショットの極意,Starstrike Mastery,闇,【スパークショット】のダメージ上昇（Ver.3.0前期まではLv1につき2%）,2026-03-12 05:56:30,2026-03-12 05:56:30
449,スパークショットの技巧,Starstrike Knack,闇,スパークショットの成功率上昇,2026-03-12 05:56:30,2026-03-12 05:56:30
450,しばり打ちの極意,Trammel Lash Mastery,闇,【しばり打ち】のダメージ上昇,2026-03-12 05:56:30,2026-03-12 05:56:30
451,しばり打ちの技巧,Trammel Lash Knack,闇,しばり打ちの成功率上昇,2026-03-12 05:56:30,2026-03-12 05:56:30
452,地ばしり打ちの極意,Strifeline Mastery,闇,【地ばしり打ち】のダメージ上昇（Ver.5.1まではLv1につき3%）,2026-03-12 05:56:30,2026-03-12 05:56:30
453,双竜打ちの極意,Twin Dragon Lash Mastery,闇,【双竜打ち】のダメージ上昇（Ver.5.1まではLv1につき3%）,2026-03-12 05:56:30,2026-03-12 05:56:30
454,双竜打ちの真髄,Twin Dragon Lash Essence,闇,テンション時、双竜打ちのダメージ上昇,2026-03-12 05:56:30,2026-03-12 05:56:30
455,疾風迅雷の極意,Whipcrackle Mastery,闇,【疾風迅雷】のダメージ上昇（Ver.5.1まではLv1につき3%）,2026-03-12 05:56:30,2026-03-12 05:56:30
456,極竜打ちの極意,Wyrm Whip Mastery,闇,【極竜打ち】のダメージ上昇（Ver.5.1まではLv1につき3%）,2026-03-12 05:56:30,2026-03-12 05:56:30
457,極竜打ちの真髄,Wyrm Whip Essence,闇,テンション時、極竜打ちのダメージ上昇,2026-03-12 05:56:30,2026-03-12 05:56:30
458,バイキルショットの極意,Bikill Shot Mastery,闇,【バイキルショット】のダメージ上昇,2026-03-12 05:56:30,2026-03-12 05:56:30
459,悶絶全方打ちの極意,Stupefying All-Round Strike Mastery,闇,【悶絶全方打ち】のダメージ上昇,2026-03-12 05:56:30,2026-03-12 05:56:30
460,花ふぶきの技巧,Flower Power Knack,闇,【花ふぶき】の成功率上昇（Ver.3.0前期まではLv1につき2%）（Ver.5.1まではLv1につき8%）,2026-03-12 05:56:30,2026-03-12 05:56:30
461,波紋演舞の極意,Water Slaughterer Mastery,闇,【波紋演舞】の水系へのダメージ上昇（Ver.3.0前期まではLv1につき20%）,2026-03-12 05:56:30,2026-03-12 05:56:30
462,タタリ目演舞の極意,Unfortunate Frolic Mastery,闇,【タタリ目演舞】のダメージ上昇,2026-03-12 05:56:30,2026-03-12 05:56:30
463,おうぎのまい系の極意,Fan Dango Mastery,闇,【おうぎのまい】【おうぎのまい・改】のダメージ上昇（Ver.3.0前期まではLv1につき2%）,2026-03-12 05:56:30,2026-03-12 05:56:30
464,アゲハ乱舞系の極意,Butterfly Bop Mastery,闇,【アゲハ乱舞】【アゲハ乱舞・改】のダメージ上昇（Ver.5.1まではLv1につき3%）,2026-03-12 05:56:30,2026-03-12 05:56:30
465,アゲハ乱舞系の真髄,Butterfly Bop Essence,闇,アゲハ乱舞、アゲハ乱舞・改のテンションアップ時ダメージ上昇,2026-03-12 05:56:30,2026-03-12 05:56:30
466,ピンクタイフーンの極意,Pink Typhoon Mastery,闇,【ピンクタイフーン】のダメージ上昇,2026-03-12 05:56:30,2026-03-12 05:56:30
467,百花繚乱系の極意,Flowerstorm Mastery,闇,【百花繚乱】【百花繚乱・改】のダメージ上昇（Ver.5.1まではLv1につき3%）,2026-03-12 05:56:30,2026-03-12 05:56:30
468,百花繚乱系の真髄,Flowerstorm Essence,闇,百花繚乱、百花繚乱・改のテンションアップ時ダメージ上昇,2026-03-12 05:56:30,2026-03-12 05:56:30
469,風斬りの舞の戦域,Windcutter Dance Beat,闇,【風斬りの舞】の範囲拡大,2026-03-12 05:56:30,2026-03-12 05:56:30
470,おうぎ乱舞系の極意,Fandango Mastery,闇,【おうぎ乱舞】【おうぎ乱舞・改】のダメージ上昇,2026-03-12 05:56:30,2026-03-12 05:56:30
471,ウェイトブレイクの極意,Weight Break Mastery,闇,【ウェイトブレイク】のダメージ上昇（Ver.3.0前期まではLv1につき2%）,2026-03-12 05:56:30,2026-03-12 05:56:30
472,ウェイトブレイクの技巧,Weight Break Knack,闇,ウェイトブレイクの成功率上昇,2026-03-12 05:56:30,2026-03-12 05:56:30
473,ドラムクラッシュの極意,Monster Masher Mastery,闇,【ドラムクラッシュ】の物質系へのダメージ上昇（Ver.3.0前期まではLv1につき20%）,2026-03-12 05:56:30,2026-03-12 05:56:30
474,シールドブレイクの極意,Shattershield Mastery,闇,【シールドブレイク】のダメージ上昇,2026-03-12 05:56:30,2026-03-12 05:56:30
475,シールドブレイクの技巧,Shattershield Knack,闇,シールドブレイクの成功率上昇,2026-03-12 05:56:30,2026-03-12 05:56:30
476,キャンセルショットの技巧,Cancel Shot Knack,闇,【キャンセルショット】の成功率上昇,2026-03-12 05:56:30,2026-03-12 05:56:30
477,ランドインパクトの極意,Crackerwhack Mastery,闇,【ランドインパクト】のダメージ上昇,2026-03-12 05:56:30,2026-03-12 05:56:30
478,ランドインパクトの真髄,Crackerwhack Essence,闇,【ランドインパクト】のテンションアップ時ダメージ上昇,2026-03-12 05:56:30,2026-03-12 05:56:30
479,スタンショットの技巧,Stun Smash Knack,闇,【スタンショット】の成功率上昇（Ver.5.1まではLv1につき1%）,2026-03-12 05:56:30,2026-03-12 05:56:30
480,プレートインパクトの極意,Plate Impact Mastery,闇,【プレートインパクト】のダメージ上昇,2026-03-12 05:56:30,2026-03-12 05:56:30
481,プレートインパクトの真髄,Plate Impact Essence,闇,【プレートインパクト】のテンションアップ時ダメージ上昇,2026-03-12 05:56:30,2026-03-12 05:56:30
482,デビルクラッシュの極意,Devil Crusher Mastery,闇,【デビルクラッシュ】のダメージ上昇,2026-03-12 05:56:30,2026-03-12 05:56:30
483,アースクラッシュの極意,Earth Crusher Mastery,闇,【アースクラッシュ】のダメージ上昇,2026-03-12 05:56:30,2026-03-12 05:56:30
484,スライムブロウの極意,Ooze Bruiser Mastery,闇,【スライムブロウ】のスライム系へのダメージ上昇（Ver.3.0前期まではLv1につき20%）,2026-03-12 05:56:30,2026-03-12 05:56:30
485,パワフルスローの極意,Power Throw Mastery,闇,【パワフルスロー】のダメージ（上段）と会心率（下段）上昇（Ver.3.0前期まではLv1につきダメージ2%）,2026-03-12 05:56:30,2026-03-12 05:56:30
486,シャインスコールの極意,Starburst Throw Mastery,闇,【シャインスコール】のダメージ上昇（Ver.3.0前期まではLv1につき5%）,2026-03-12 05:56:30,2026-03-12 05:56:30
487,バーニングバードの極意,Firebird Throw Mastery,闇,【バーニングバード】のダメージ上昇,2026-03-12 05:56:30,2026-03-12 05:56:30
488,バーニングスワローの極意,Blazebird Throw Mastery,闇,【バーニングスワロー】のダメージ上昇,2026-03-12 05:56:30,2026-03-12 05:56:30
489,デュアルカッターの極意,Twomerang Mastery,闇,【デュアルカッター】のダメージ上昇,2026-03-12 05:56:30,2026-03-12 05:56:30
490,デュアルカッターの真髄,Twomerang Essence,闇,デュアルカッターのテンションアップ時ダメージ上昇,2026-03-12 05:56:30,2026-03-12 05:56:30
491,フローズンバードの極意,Icebird Throw Mastery,闇,【フローズンバード】のダメージ上昇,2026-03-12 05:56:30,2026-03-12 05:56:30
492,フローズンスワローの極意,Frostbird Throw Mastery,闇,【フローズンスワロー】のダメージ上昇,2026-03-12 05:56:30,2026-03-12 05:56:30
493,デュアルブレイカーの極意,Double Down Mastery,闇,【デュアルブレイカー】のダメージ上昇,2026-03-12 05:56:30,2026-03-12 05:56:30
494,デュアルブレイカーの真髄,Double Down Essence,闇,デュアルブレイカーのテンションアップ時ダメージ上昇,2026-03-12 05:56:30,2026-03-12 05:56:30
495,レボルスライサーの極意,Revol Slicer Mastery,闇,【レボルスライサー】のダメージ上昇,2026-03-12 05:56:30,2026-03-12 05:56:30
496,ギガスローの極意,Gigasthrow Mastery,闇,【ギガスロー】のダメージ上昇,2026-03-12 05:56:30,2026-03-12 05:56:30
497,ギガシュートの極意,Gigashot Mastery,闇,【ギガシュート】のダメージ上昇,2026-03-12 05:56:30,2026-03-12 05:56:30
498,マジックアローの極意,Conjury Conductor Mastery,闇,【マジックアロー】のダメージ上昇（Ver.3.0前期まではLv1につき2%）,2026-03-12 05:56:30,2026-03-12 05:56:30
499,マジックアローの技巧,Conjury Conductor Knack,闇,マジックアローの成功率上昇,2026-03-12 05:56:30,2026-03-12 05:56:30
500,バードシュートの極意,Flutter Disaster Mastery,闇,【バードシュート】の鳥系へのダメージ上昇（Ver.3.0前期まではLv1につき20%）,2026-03-12 05:56:30,2026-03-12 05:56:30
501,サンダーボルトの極意,Thunderbolt Mastery,闇,【サンダーボルト】のダメージ上昇（Ver.3.0前期まではLv1につき5%）,2026-03-12 05:56:30,2026-03-12 05:56:30
502,さみだれうち系の極意,Rain of Pain Mastery,闇,【さみだれうち】【さみだれうち・改】のダメージ上昇,2026-03-12 05:56:30,2026-03-12 05:56:30
503,さみだれうち系の真髄,Rain of Pain Essence,闇,さみだれうち、さみだれうち・改のテンションアップ時ダメージ上昇,2026-03-12 05:56:30,2026-03-12 05:56:30
504,天使の矢の極意,Hallowed Arrow Mastery,闇,【天使の矢】のダメージ（上段）と回復量（下段）上昇,2026-03-12 05:56:30,2026-03-12 05:56:30
505,シャイニングボウの極意,Shining Shot Mastery,闇,【シャイニングボウ】のダメージ上昇,2026-03-12 05:56:30,2026-03-12 05:56:30
506,弓聖の守り星の戦域,Ailment Curtailment Beat,闇,【弓聖の守り星】の範囲拡大,2026-03-12 05:56:30,2026-03-12 05:56:30
507,弓神の守護星座の戦域,Ailment Derailment Beat,闇,【弓神の守護星座】の範囲拡大,2026-03-12 05:56:30,2026-03-12 05:56:30
508,ダークネスショットの極意,Darkness Shot Mastery,闇,【ダークネスショット】のダメージ上昇,2026-03-12 05:56:30,2026-03-12 05:56:30
509,ダークネスショットの真髄,Darkness Shot Essence,闇,ダークネスショットのテンションアップ時ダメージ上昇,2026-03-12 05:56:30,2026-03-12 05:56:30
510,ロストスナイプの極意,Lost Snipe Mastery,闇,【ロストスナイプ】のダメージ上昇,2026-03-12 05:56:30,2026-03-12 05:56:30
511,ロストショットの極意,Lost Shot Mastery,闇,【ロストショット】のダメージ上昇,2026-03-12 05:56:30,2026-03-12 05:56:30
512,サンライトアローの極意,Sunlight Arrow Mastery,闇,【サンライトアロー】のダメージ上昇,2026-03-12 05:56:30,2026-03-12 05:56:30
513,セイクリッドボウの極意,Sacred Shot Mastery,闇,【セイクリッドボウ】のダメージ上昇,2026-03-12 05:56:30,2026-03-12 05:56:30
514,果てなき血吸いの守り,Endless Siphon Guard,闇,【血吸いの守り】の効果時間延長,2026-03-12 05:56:30,2026-03-12 05:56:30
515,果てなき蒼月の守り,Endless Blue Moon Guard,闇,【蒼月の守り】の効果時間延長,2026-03-12 05:56:30,2026-03-12 05:56:30
516,冥王のかまの極意,Grimmer Reaper Mastery,闇,【冥王のかま】のダメージ上昇,2026-03-12 05:56:30,2026-03-12 05:56:30
517,魂狩りの極意,Soul Hunt Mastery,闇,【魂狩り】の会心率上昇（Ver.5.1まではLv1につき2%）,2026-03-12 05:56:30,2026-03-12 05:56:30
518,災いの斬撃の極意,Calamity Slash Mastery,闇,【災いの斬撃】のダメージ上昇,2026-03-12 05:56:30,2026-03-12 05:56:30
519,災いの斬撃の真髄,Calamity Slash Essence,闇,テンション時、災いの斬撃のダメージ上昇,2026-03-12 05:56:30,2026-03-12 05:56:30
520,ハデスの宴の極意,Feast of Hades Mastery,闇,【ハデスの宴】のダメージ上昇,2026-03-12 05:56:30,2026-03-12 05:56:30
521,果てなきハデスの宴,Endless Feast of Hades,闇,ハデスの宴の効果時間延長,2026-03-12 05:56:30,2026-03-12 05:56:30
522,厄災の滅撃の極意,Calamity Strike Mastery,闇,【厄災の滅撃】のダメージ上昇,2026-03-12 05:56:30,2026-03-12 05:56:30
523,根絶やしの重撃の極意,Eradication Heavy Blow Mastery,闇,【根絶やしの重撃】のダメージ上昇,2026-03-12 05:56:30,2026-03-12 05:56:30
524,根絶やしの重撃の真髄,Eradication Heavy Blow Essence,闇,テンション時、根絶やしの重撃のダメージ上昇,2026-03-12 05:56:30,2026-03-12 05:56:30
525,石つぶての極意,Stone's Throw Mastery,闇,【石つぶて】のダメージ上昇（Ver.3.0前期まではLv1につき10%）,2026-03-12 05:56:30,2026-03-12 05:56:30
526,かまいたちの極意,Cyclown Mastery,闇,【かまいたち】のエレメント系へのダメージ上昇（Ver.3.0前期まではLv1につき20%）,2026-03-12 05:56:30,2026-03-12 05:56:30
527,せいけん突きの極意,Knuckle Sandwich Mastery,闇,【せいけん突き】のダメージ（上段）と会心率（下段）上昇,2026-03-12 05:56:30,2026-03-12 05:56:30
528,ムーンサルトの極意,Harvest Moon Mastery,闇,【ムーンサルト】の飛行系の敵へのダメージ上昇,2026-03-12 05:56:30,2026-03-12 05:56:30
529,ばくれつけんの極意,Multifists Mastery,闇,【ばくれつけん】のダメージ上昇,2026-03-12 05:56:30,2026-03-12 05:56:30
530,岩石おとしの極意,岩石お and し Mastery,闇,【岩石おとし】のダメージ上昇,2026-03-12 05:56:30,2026-03-12 05:56:30
531,せいけん爆撃の極意,Glove Bomb Mastery,闇,【せいけん爆撃】のダメージ（上段）と会心率（下段）上昇,2026-03-12 05:56:30,2026-03-12 05:56:30
532,しんくうはの極意,Vacuum Wave Mastery,闇,【しんくうは】のダメージ上昇,2026-03-12 05:56:30,2026-03-12 05:56:30
533,ばくれつきゃくの極意,Exploding Kick Mastery,闇,【ばくれつきゃく】のダメージ上昇,2026-03-12 05:56:30,2026-03-12 05:56:30
536,聖女の守りの戦域,Alma Mater Beat,光,聖女の守りの射程の射程 +0.2m,2026-03-25 06:49:01,2026-03-25 06:50:51
537,キラキラポーンの戦域,Snap Crackle Poof Beat,闇,キラキラポーンの射程　+0.3m,2026-03-25 06:55:23,2026-03-25 06:59:08
538,ホップストリームの戦域,Hop Stream Beat,闇,ホップストリームの射程 +0.4m,2026-03-25 06:56:14,2026-03-25 06:59:36
